word,occurrence
flight,1842
ba,1090
service,691
’,579
london,547
time,486
seat,445
food,443
crew,433
british,421
one,410
good,410
class,406
us,399
staff,399
seats,398
airways,391
business,374
get,369
would,367
cabin,365
hours,344
heathrow,325
back,279
customer,266
told,262
could,259
even,258
airport,257
flights,254
boarding,252
check,252
airline,251
first,248
economy,245
plane,232
hour,222
passengers,221
club,213
experience,203
return,200
new,199
luggage,192
cancelled,188
minutes,187
got,186
fly,186
aircraft,184
2,183
booked,183
lounge,182
never,175
due,173
still,171
two,171
another,171
delayed,169
meal,167
day,164
airlines,164
also,163
like,162
bag,162
made,160
really,160
arrived,159
well,155
3,153
late,152
call,150
next,146
people,146
full,144
offered,143
drinks,141
baggage,140
long,140
given,140
gate,139
make,139
took,138
refund,137
flying,136
travel,135
great,135
said,134
much,134
premium,134
last,133
however,133
days,133
take,131
way,130
asked,129
go,126
via,126
friendly,125
left,123
comfortable,122
pay,122
board,120
paid,119
better,119
times,118
poor,117
checkin,116
booking,113
water,113
trip,113
help,113
nice,113
ticket,111
later,110
phone,108
departure,108
entertainment,107
nothing,107
5,106
served,105
online,105
world,105
find,104
lhr,104
available,103
bags,103
since,102
old,101
small,100
flew,99
without,98
change,98
breakfast,97
many,97
money,96
connecting,96
use,95
used,94
ok,94
number,93
4,93
home,93
overall,91
went,91
delay,91
excellent,90
called,90
wait,89
worst,88
enough,88
though,87
best,87
received,87
years,87
arrival,87
extra,86
website,86
voucher,85
bad,85
cost,84
quite,84
going,84
drink,83
finally,83
found,83
gatwick,83
choice,82
different,82
gave,82
email,82
leg,82
despite,81
security,80
ground,80
air,80
work,80
short,79
although,79
room,78
getting,78
tried,78
free,78
wife,77
row,77
system,76
say,75
waiting,75
lost,74
front,73
missed,73
offer,72
able,72
didnt,71
middle,71
put,71
line,71
1,71
europe,71
terminal,70
ever,70
customers,70
covid,70
half,69
dont,69
hotel,69
around,68
trying,68
know,67
journey,67
came,67
10,66
fine,66
every,66
book,65
quality,65
helpful,65
selection,65
passenger,65
screen,65
problem,64
inflight,64
30,64
desk,64
away,62
little,62
anything,62
checked,62
price,61
pleasant,61
option,61
terrible,61
provided,61
three,60
early,60
want,60
member,60
queue,60
information,60
ife,60
someone,59
rather,59
dinner,59
professional,58
already,58
wine,58
give,58
almost,58
always,58
weeks,58
t5,57
tickets,57
see,57
quick,57
15,57
space,56
second,56
least,56
need,56
flown,56
person,56
sent,56
felt,56
claim,55
aisle,55
process,54
less,54
uncomfortable,54
onboard,54
seemed,53
year,53
waited,53
think,53
managed,53
seating,53
route,53
landed,52
issue,52
meals,52
landing,52
product,52
legroom,52
efficient,52
“,52
spent,51
contact,51
informed,51
far,51
care,51
let,51
point,51
mins,50
”,50
usual,50
done,50
pretty,50
ask,50
actually,50
try,50
clean,49
months,49
cancel,48
hot,48
come,48
night,48
bas,48
haul,48
rebooked,48
app,47
lot,47
part,47
company,47
boarded,47
kept,47
ba,47
working,47
everything,46
agent,46
compensation,46
needed,46
changed,46
holiday,46
rebook,46
lack,45
8,45
total,45
sleep,45
12,45
seems,45
thought,45
onto,45
extremely,44
wifi,44
easy,44
end,44
charge,44
couldnt,44
hard,44
unfortunately,44
right,44
delays,44
rude,43
especially,43
bit,43
connection,43
issues,43
bottle,43
everyone,43
sat,43
avoid,43
using,43
bus,42
several,42
6,42
whole,42
week,42
sure,42
closed,42
reason,42
provide,41
ago,41
may,41
started,41
tea,41
card,41
name,41
sitting,41
attentive,41
yet,41
flight,41
area,40
decided,40
absolutely,40
7,40
understand,40
travelling,40
options,40
snack,40
complaint,40
else,40
quickly,40
course,39
worked,39
longer,39
smooth,39
things,39
plus,39
morning,39
speak,39
20,38
coffee,38
budget,38
response,38
expect,38
within,38
worth,38
additional,38
awful,38
decent,38
happy,38
attendant,38
wanted,38
hold,38
rows,38
rest,38
top,38
expensive,37
either,37
couple,37
eventually,37
missing,37
prior,37
singapore,37
fault,37
outbound,37
thank,37
main,37
uk,37
services,37
looking,37
fact,37
hand,37
instead,36
allowed,36
fast,36
level,36
tell,36
ended,36
feel,36
low,36
lady,36
cramped,36
today,36
wrong,36
offering,35
arrive,35
alternative,35
24,35
limited,35
leave,35
40,35
original,35
behind,35
evening,35
pass,35
anyone,35
standard,35
big,35
leaving,35
situation,35
family,35
problems,34
counter,34
might,34
etc,34
place,34
supposed,34
menu,34
something,34
45,34
minute,33
ahead,33
busy,33
ive,33
happened,33
thing,33
empty,33
american,33
possible,33
wasnt,33
throughout,33
open,33
amazing,33
together,33
cancellation,32
unable,32
madrid,32
look,32
miss,32
taking,32
seated,32
calls,32
refused,32
kind,31
disappointing,31
choose,31
25,31
basic,31
tiny,31
run,31
cold,31
a380,31
im,31
taken,31
window,31
attendants,31
clearly,31
difficult,31
turned,31
making,31
across,30
high,30
city,30
airline,30
experienced,30
forward,30
fee,30
drop,30
earlier,30
amsterdam,30
husband,30
fare,30
receive,30
priority,30
must,30
start,30
case,30
cant,30
slow,29
champagne,29
vouchers,29
review,29
centre,29
worse,29
past,29
disappointed,29
looked,29
schedule,29
overnight,29
status,29
carrier,29
choices,29
moved,29
avios,29
recommend,29
meant,29
gone,29
welcome,29
support,28
scheduled,28
calling,28
keep,28
broken,28
attitude,28
glasgow,28
partner,28
caused,28
delivered,28
add,28
toilet,28
bar,28
saying,28
including,28
control,28
following,28
appalling,28
iberia,28
deck,28
access,28
upon,28
august,27
except,27
paying,27
order,27
points,27
horrible,27
show,27
boeing,27
apparently,27
queues,27
difference,27
clear,27
2022,27
previous,27
upgrade,27
asking,27
toilets,27
march,26
tray,26
plenty,26
credit,26
recent,26
single,26
definitely,26
complete,26
standards,26
side,26
special,26
group,26
storage,26
totally,26
complaints,26
lovely,26
large,26
explanation,26
needs,26
requested,26
simply,26
glass,26
form,26
expected,26
suite,26
real,26
four,25
frequent,25
passport,25
tv,25
ran,25
pm,25
airways,25
average,25
buy,25
close,25
reach,25
dublin,25
assistance,25
south,25
johannesburg,25
arriving,25
narrow,25
2023,25
captain,25
message,25
stay,25
team,25
showed,25
chicken,24
catering,24
suitcase,24
future,24
completely,24
multiple,24
nearly,24
advised,24
vancouver,24
destination,24
lunch,24
san,24
pre,24
probably,24
legs,24
departed,24
answer,24
york,24
travelled,24
amount,24
members,24
cape,24
dirty,23
configuration,23
wouldnt,23
value,23
apology,23
galley,23
lounges,23
snacks,23
layover,23
sit,23
sleeping,23
apart,23
galleries,23
seem,23
chicago,23
screens,23
touch,23
ready,23
refunded,23
hope,23
recline,23
reasonable,23
chaos,23
emails,23
town,23
polite,23
impossible,22
checking,22
malaga,22
joke,22
cheese,22
allow,22
returned,22
announced,22
spoke,22
comfort,22
manager,22
non,22
bread,22
thats,22
paris,22
seen,22
fantastic,21
9,21
transfer,21
2019,21
european,21
‘,21
result,21
cut,21
explained,21
huge,21
changes,21
telling,21
compared,21
thanks,21
older,21
appeared,21
round,21
planes,21
whilst,21
personal,21
pillow,21
tasty,21
service,21
says,21
cup,21
exit,21
pilot,20
continue,20
charges,20
spend,20
means,20
improved,20
eat,20
beyond,20
deal,20
overhead,20
experience,20
date,20
complimentary,20
warm,20
zero,20
near,20
entire,20
promised,20
makes,20
edinburgh,20
children,20
belfast,20
canceled,20
serving,20
cheap,20
outstanding,20
movies,20
twice,20
2020,20
followed,20
pick,20
recently,20
beef,19
inbound,19
acceptable,19
immediately,19
flyer,19
contacted,19
giving,19
slightly,19
clothes,19
announcement,19
expenses,19
miami,19
policy,19
purchase,19
pandemic,19
month,19
pounds,19
weather,19
stuck,19
777,19
representative,19
mediocre,19
unless,19
a320,19
positive,19
stand,19
ryanair,19
gold,19
accept,18
11,18
car,18
bed,18
included,18
wines,18
sandwich,18
forced,18
fees,18
met,18
failed,18
coming,18
passed,18
enjoyed,18
become,18
id,18
soon,18
towards,18
jfk,18
50,18
simple,18
manage,18
silver,18
style,18
crowded,18
deliver,18
mistake,18
details,18
advance,18
normal,18
tight,18
items,18
send,18
generally,18
waste,18
face,18
previously,18
takeoff,17
14,17
kids,17
nightmare,17
surprised,17
upper,17
wonderful,17
roll,17
direct,17
layout,17
helped,17
manchester,17
job,17
privacy,17
none,17
chose,17
office,17
reached,17
traveller,17
april,17
vegetarian,17
prices,17
regular,17
lax,17
february,17
required,17
october,17
packed,17
train,17
confirmed,17
inedible,17
saw,17
passes,17
worn,16
certainly,16
matter,16
management,16
standing,16
others,16
mean,16
salad,16
purchased,16
desks,16
light,16
meaning,16
sorry,16
reasons,16
crisps,16
life,16
dubai,16
particularly,16
ordered,16
ruined,16
believe,16
accommodation,16
hrs,16
shame,16
table,16
request,16
type,16
baby,16
technical,16
brought,16
frankfurt,16
tired,16
track,16
treated,16
position,15
son,15
serve,15
france,15
reference,15
issued,15
operated,15
okay,15
similar,15
happen,15
july,15
sadly,15
english,15
turn,15
young,15
watch,15
stood,15
trolley,15
100,15
787,15
23,15
rebooking,15
communication,15
replacement,15
january,15
december,15
beginning,15
bother,15
site,15
reasonably,15
accepted,15
address,15
expectations,15
executive,15
reserve,15
third,15
literally,15
employees,15
stop,14
chosen,14
absolute,14
improvement,14
bottom,14
speaking,14
usually,14
stated,14
arrivals,14
headphones,14
treat,14
complained,14
considering,14
toronto,14
dreadful,14
delhi,14
incredibly,14
anyway,14
moment,14
white,14
cancellations,14
fresh,14
section,14
hang,14
reviews,14
disappointment,14
announcements,14
walk,14
organised,14
traveling,14
pasta,14
lots,14
beverage,14
bookings,14
fairly,14
quiet,14
door,14
spacious,14
costs,14
showing,14
miles,14
surprisingly,14
neither,14
strike,14
department,14
ignored,13
suites,13
bumped,13
groups,13
systems,13
responsibility,13
gates,13
a321,13
cases,13
ms,13
disaster,13
answered,13
tokyo,13
write,13
step,13
documents,13
seattle,13
francisco,13
numerous,13
correct,13
whether,13
euro,13
initial,13
idea,13
excuse,13
yes,13
virtually,13
shocking,13
running,13
per,13
state,13
enjoyable,13
wont,13
cheaper,13
filthy,13
exactly,13
update,13
talk,13
unacceptable,13
regarding,13
taxi,13
sydney,13
shuttle,13
set,13
filled,13
ones,13
surprise,13
box,13
coach,13
basically,13
charged,13
portions,13
rubbish,13
noticed,13
hardly,13
appreciated,13
reclined,12
pilots,12
employee,12
lie,12
wish,12
telephone,12
catch,12
truly,12
chaotic,12
resolve,12
outdated,12
talking,12
athens,12
reservation,12
adequate,12
usa,12
useless,12
appears,12
numbers,12
occasion,12
international,12
domestic,12
sort,12
properly,12
trouble,12
note,12
heard,12
downgraded,12
respond,12
read,12
feeling,12
post,12
money,12
test,12
move,12
sufficient,12
loaded,12
ways,12
respect,12
final,12
tarmac,12
bedding,12
denied,12
experiences,12
discovered,12
sign,12
handed,12
account,12
747,12
stopped,12
north,12
claimed,12
super,12
cabins,12
lucky,12
music,12
follow,12
allowance,12
bought,12
allocated,12
masks,12
warsaw,12
notice,12
chat,12
ages,12
afternoon,12
safety,12
departing,11
insisted,11
films,11
offers,11
restrictions,11
easyjet,11
ensure,11
qatar,11
immigration,11
minimum,11
suggested,11
guess,11
originally,11
planned,11
flat,11
knees,11
opinion,11
updated,11
live,11
september,11
£100,11
boston,11
laptop,11
mumbai,11
aware,11
major,11
reimbursement,11
advice,11
began,11
rules,11
negative,11
munich,11
obviously,11
enter,11
soft,11
shambles,11
time,11
alone,11
filed,11
loyal,11
kong,11
hong,11
fair,11
stressful,11
mind,11
risk,11
rate,11
please,11
bangkok,11
foot,11
b,11
head,11
yesterday,11
repeatedly,11
disgusting,11
june,11
continued,11
badly,11
guy,11
placed,11
trays,11
effort,11
minimal,11
reservations,11
attempt,11
question,11
error,11
fix,11
therefore,11
traveled,11
beverages,11
stranded,11
depart,11
somehow,11
virgin,11
became,11
carriers,11
travellers,11
ridiculous,11
rush,11
lose,11
connections,11
flights,11
concorde,11
zurich,11
outside,11
cairo,11
compensate,11
werent,11
man,11
companion,10
manner,10
collect,10
italy,10
utter,10
17,10
horrendous,10
prepared,10
automatically,10
26,10
christmas,10
along,10
fully,10
thinking,10
overcrowded,10
copenhagen,10
decline,10
november,10
fit,10
vegas,10
disappeared,10
relations,10
responsive,10
age,10
resulted,10
country,10
superior,10
feels,10
austin,10
13,10
chance,10
juice,10
massive,10
90,10
stockholm,10
mention,10
transit,10
superb,10
covid19,10
attention,10
separate,10
finish,10
greeted,10
cutting,10
rear,10
claims,10
goes,10
picked,10
movie,10
spending,10
stuff,10
bothered,10
button,10
amenity,10
finished,10
holidays,10
pretzels,10
power,10
emirates,10
hit,10
beer,10
barely,10
oneworld,10
suitcases,10
abu,10
dhabi,10
reschedule,10
empathy,10
generous,10
wearing,10
conversation,10
wifes,10
text,10
anymore,10
2nd,10
miserable,10
center,10
providing,10
six,10
hr,10
reading,10
packet,10
handling,10
inside,10
proper,10
doco,10
nobody,10
rushed,10
remaining,10
blocked,10
word,10
constantly,10
walked,10
ceo,10
maybe,10
declined,10
report,10
belongings,10
jet,10
pisa,10
fill,9
forms,9
shown,9
indeed,9
ten,9
min,9
angeles,9
doesnt,9
locate,9
slept,9
possibly,9
select,9
sense,9
processing,9
expecting,9
lines,9
replied,9
operate,9
specific,9
action,9
resolved,9
knew,9
thankfully,9
party,9
equivalent,9
returning,9
fly,9
africa,9
atlantic,9
havent,9
reimburse,9
vacation,9
explain,9
holder,9
toiletries,9
pack,9
based,9
phoenix,9
dropped,9
sunday,9
fruit,9
geneva,9
national,9
bring,9
las,9
held,9
stress,9
currently,9
bangalore,9
daughter,9
poorly,9
supervisor,9
floor,9
welcoming,9
–,9
los,9
dish,9
offerings,9
comes,9
refunds,9
tasted,9
love,9
causing,9
dealt,9
game,9
pleasure,9
works,9
initially,9
delta,9
relaxed,9
aires,9
buenos,9
lights,9
impression,9
larnaca,9
emergency,9
info,9
refuse,9
phoned,9
answers,9
effectively,9
length,9
confirmation,9
hassle,9
woman,9
twitter,9
known,9
relatively,9
uneventful,9
nonexistent,9
perfectly,9
larger,9
loudly,9
design,9
perfect,9
link,8
16,8
t3,8
outward,8
generic,8
facing,8
normally,8
courteous,8
competitors,8
sandwiches,8
reimbursed,8
realised,8
firstly,8
35,8
complain,8
200,8
barcelona,8
fleet,8
five,8
242,8
perhaps,8
crews,8
list,8
days,8
otherwise,8
resulting,8
fa,8
mexico,8
48,8
constant,8
lisbon,8
procedures,8
delivery,8
planning,8
qantas,8
port,8
computer,8
refreshments,8
runway,8
queuing,8
often,8
width,8
human,8
addition,8
paper,8
trips,8
shorthaul,8
bacom,8
fas,8
advise,8
maintained,8
trust,8
timing,8
conditions,8
penny,8
basis,8
sister,8
enjoy,8
whatever,8
entered,8
transport,8
usb,8
rome,8
entrance,8
terms,8
dates,8
file,8
cpt,8
coronavirus,8
hotels,8
emailed,8
never,8
remains,8
plastic,8
frustrating,8
range,8
replaced,8
patient,8
bathroom,8
monday,8
added,8
map,8
agents,8
routes,8
plan,8
expedia,8
match,8
belt,8
questions,8
4th,8
hear,8
doubt,8
doha,8
thus,8
friday,8
aspects,8
handled,8
unhelpful,8
doors,8
changing,8
double,8
appear,8
understanding,8
training,8
tall,8
appreciate,8
chocolate,8
reply,8
mine,8
disgrace,8
courses,8
cushion,8
nowhere,8
frustration,8
specifically,8
circumstances,8
personally,8
assured,8
child,8
size,8
temperature,8
biscuits,8
colleague,8
3rd,8
tags,8
1000,8
hands,8
push,8
incompetent,8
turbulence,8
istanbul,8
ice,8
amex,8
realise,8
straight,8
actual,8
according,8
directly,8
refusing,8
mixed,8
st,8
cancelling,7
contrast,7
remote,7
tel,7
nothing,7
freezing,7
aviv,7
visible,7
updates,7
use,7
cathay,7
hundreds,7
easily,7
families,7
needing,7
occasions,7
advising,7
competition,7
personnel,7
diego,7
frequently,7
rang,7
brussels,7
wasted,7
takes,7
ontime,7
happens,7
preordered,7
airplane,7
leather,7
washington,7
requesting,7
milan,7
valid,7
apologetic,7
1st,7
red,7
wonder,7
mess,7
airbridge,7
arrangements,7
steward,7
buffet,7
cab,7
cdg,7
birthday,7
straightforward,7
majority,7
canada,7
finding,7
smoothly,7
ancient,7
among,7
bridge,7
wir,7
record,7
32,7
disembarking,7
vegetables,7
barbados,7
letter,7
dessert,7
pitch,7
lacked,7
mainly,7
directions,7
approached,7
provides,7
saturday,7
collection,7
sad,7
video,7
save,7
yang,7
hanging,7
impressed,7
facilities,7
tenerife,7
distancing,7
completed,7
male,7
traffic,7
merely,7
internet,7
notified,7
quieter,7
emerald,7
ill,7
visit,7
reduced,7
25th,7
term,7
pocket,7
code,7
story,7
reaching,7
euros,7
fortunately,7
counters,7
current,7
informative,7
aa,7
starter,7
facility,7
salmon,7
honestly,7
medical,7
loyalty,7
blanket,7
example,7
f,7
particular,7
staffed,7
helping,7
mostly,7
calm,7
sometimes,7
remain,7
statement,7
lower,7
22,7
processed,7
cooked,7
meeting,7
taste,7
forcing,7
halfway,7
600,7
refundable,7
c,7
automated,7
mid,7
presented,7
fixed,7
orlando,7
falling,7
luckily,7
exception,7
incorrect,7
preferred,7
clueless,7
understandable,7
frustrated,7
stating,7
exceptional,7
act,7
self,7
load,7
latest,7
aboard,7
tracking,7
bottles,7
hadnt,7
entry,7
guarantee,7
improve,7
abysmal,7
ring,7
till,7
pushed,7
modern,7
extreme,7
significantly,7
smile,7
treatment,7
wide,7
directed,7
elderly,7
rarely,7
biz,7
figure,7
dec,7
croissant,7
supply,7
levels,7
menzies,7
orange,7
sofia,7
crammed,7
dealing,7
747400,7
highly,7
durban,7
solid,7
overbooked,7
turkish,7
operational,7
struggle,7
pie,7
travelers,7
tomato,6
individual,6
kit,6
twenty,6
partners,6
customs,6
cheapest,6
difficulty,6
seats,6
berlin,6
wet,6
kitchen,6
india,6
summary,6
surely,6
alaska,6
rep,6
learned,6
inches,6
amenities,6
australia,6
fan,6
departures,6
incoming,6
airlines,6
liked,6
distance,6
social,6
selected,6
a350,6
land,6
break,6
payment,6
cattle,6
balance,6
cw,6
eaten,6
prefer,6
disgraceful,6
drawer,6
essential,6
gothenburg,6
hungry,6
theres,6
asian,6
oh,6
whatsoever,6
passing,6
safely,6
interested,6
bucharest,6
affected,6
proceeded,6
itinerary,6
aside,6
errors,6
wear,6
duration,6
terminals,6
shows,6
operator,6
arm,6
separately,6
wedding,6
proof,6
extortionate,6
perfunctory,6
milk,6
importantly,6
edible,6
split,6
happening,6
lcy,6
imagine,6
frankly,6
pastries,6
bank,6
hence,6
described,6
class,6
applied,6
transferred,6
assist,6
attend,6
confirm,6
wipes,6
cards,6
upgraded,6
talked,6
continues,6
machine,6
struggling,6
sound,6
looks,6
raised,6
incorrectly,6
pointed,6
noisy,6
ie,6
mix,6
insult,6
theyre,6
smiling,6
crew,6
unprofessional,6
shortly,6
lies,6
honest,6
explanations,6
seriously,6
promptly,6
hospital,6
fares,6
typical,6
refurbished,6
padding,6
exceptionally,6
unforeseen,6
shared,6
various,6
friends,6
arranged,6
stewardess,6
reserved,6
spain,6
supplied,6
results,6
dated,6
cruise,6
agreed,6
period,6
nairobi,6
mask,6
consider,6
downside,6
apologised,6
apologies,6
traveler,6
parents,6
hamburg,6
easier,6
eye,6
news,6
cover,6
opened,6
sold,6
hotline,6
shambolic,6
holding,6
decision,6
smaller,6
occupied,6
general,6
requests,6
friend,6
arrangement,6
saved,6
plans,6
500,6
headrest,6
solution,6
page,6
lumpur,6
describe,6
printed,6
lufthansa,6
politely,6
comfortably,6
rerouted,6
shocked,6
favourite,6
web,6
interest,6
losing,6
charging,6
bearable,6
flyers,6
250,6
gap,6
responded,6
thin,6
sell,6
comparison,6
film,6
prague,6
future,6
lowcost,6
2021,6
redeem,6
heading,6
seven,6
feet,6
upset,6
2018,6
glad,6
fellow,6
tasteless,6
60,6
introduced,6
paperwork,6
require,6
needless,6
passports,6
print,6
watched,6
shoulder,6
stranger,6
consistent,6
designed,6
connected,6
und,6
segment,6
interesting,6
venice,6
madeira,6
eight,6
staying,6
dedicated,6
minor,6
proactive,6
frame,6
rio,6
pushing,6
climb,6
adjacent,6
female,6
stretch,6
requiring,6
bussed,6
pleasantly,6
encountered,6
gives,6
opted,6
18,6
operators,6
good,6
package,6
becomes,6
kuala,6
reported,6
dubrovnik,6
moving,6
tuesday,6
documentation,6
event,5
much,5
reality,5
compare,5
inch,5
divider,5
journeys,5
attempted,5
bulkhead,5
capacity,5
lingus,5
lacklustre,5
procedure,5
randomly,5
jan,5
beware,5
unnecessary,5
alcohol,5
shameful,5
thru,5
lucia,5
dark,5
granted,5
join,5
ever,5
unavailable,5
stock,5
messages,5
slot,5
bhd,5
longhaul,5
afterwards,5
disembark,5
admit,5
cake,5
airway,5
avoided,5
mauritius,5
nowadays,5
utterly,5
economy,5
yoghurt,5
prompt,5
faced,5
submit,5
unhappy,5
comair,5
border,5
confusion,5
frills,5
notify,5
suggest,5
boyfriend,5
75,5
vaccine,5
allowing,5
magazine,5
thursday,5
spread,5
significant,5
assume,5
westjet,5
ban,5
wing,5
detail,5
solve,5
tracked,5
serious,5
retrieve,5
locator,5
annoying,5
wasting,5
pillows,5
proactively,5
willing,5
condition,5
fun,5
unpleasant,5
delicious,5
ample,5
considered,5
socks,5
zone,5
logged,5
hire,5
newer,5
performance,5
meet,5
disorganised,5
1010,5
convenient,5
informing,5
regulations,5
hk,5
circles,5
marked,5
shoes,5
reset,5
dismissive,5
hop,5
forget,5
nov,5
house,5
entitled,5
hoping,5
recognise,5
knowing,5
tough,5
transatlantic,5
dried,5
obtain,5
ports,5
lighting,5
stored,5
classes,5
done,5
destinations,5
excited,5
5000,5
crying,5
amman,5
regularly,5
diverted,5
dry,5
remained,5
ultimately,5
choosing,5
downhill,5
pleased,5
fail,5
collected,5
helpline,5
rotterdam,5
injury,5
amongst,5
priced,5
nose,5
glasses,5
assigned,5
upstairs,5
lockers,5
unfriendly,5
thoroughly,5
connect,5
presumably,5
instructions,5
stowage,5
bits,5
japan,5
writing,5
deserve,5
understood,5
fco,5
checks,5
egg,5
turns,5
lgw,5
claiming,5
engaging,5
kg,5
tables,5
indifference,5
eating,5
sick,5
kindness,5
potatoes,5
painful,5
weve,5
14th,5
angry,5
21st,5
bud,5
seeing,5
chatting,5
valuable,5
ride,5
written,5
storm,5
iceland,5
speed,5
orders,5
heart,5
abandoned,5
buses,5
confusing,5
view,5
areas,5
indication,5
benefit,5
queued,5
stayed,5
receipt,5
mother,5
realized,5
mousse,5
public,5
resolution,5
upload,5
plates,5
delightful,5
9th,5
professionalism,5
representatives,5
airports,5
ridiculously,5
calgary,5
existent,5
blankets,5
55,5
promise,5
finnair,5
listed,5
somewhere,5
hesitate,5
unbelievable,5
worlds,5
girl,5
21,5
day,5
opposite,5
words,5
pair,5
penalty,5
submitted,5
luck,5
remember,5
carried,5
indicated,5
games,5
gibraltar,5
suspect,5
budapest,5
soup,5
considerable,5
pathetic,5
19,5
regards,5
ideal,5
ladies,5
runs,5
heavy,5
fall,5
melbourne,5
england,5
sale,5
sisters,5
ipad,5
nervous,5
settled,5
menus,5
accommodating,5
feb,5
maximum,5
measure,5
subsequent,5
efficiently,5
brand,5
odd,5
sas,5
thai,5
star,5
handle,5
overwhelmed,5
gt,5
squeeze,5
bins,5
aspect,5
suit,5
34,5
pity,5
home,5
picking,5
bin,5
daily,5
isnt,5
express,5
receipts,5
pieces,5
carefully,5
attempts,5
jnb,5
gentleman,5
postcovid,5
saving,5
leading,5
corona,5
beds,5
policies,5
safe,5
forever,5
insurance,5
roughly,5
foreign,5
chairs,5
pe,5
important,5
challenge,5
industry,5
backwards,5
selections,4
fight,4
confidence,4
commercial,4
midflight,4
disconnected,4
accepting,4
headed,4
unlike,4
global,4
headrests,4
operates,4
lengthy,4
content,4
heads,4
block,4
enormous,4
serves,4
theyve,4
downgrade,4
occurred,4
increase,4
owe,4
unique,4
£200,4
cups,4
disembarkation,4
grace,4
rushing,4
feedback,4
testing,4
higher,4
400,4
weekend,4
approach,4
rivals,4
honeymoon,4
ams,4
company,4
inform,4
clearing,4
answering,4
operation,4
nyc,4
arrogant,4
trolleys,4
reclaim,4
quicker,4
bridgetown,4
7879,4
island,4
closing,4
shut,4
rudely,4
recommended,4
newcastle,4
legal,4
airport,4
nature,4
verifly,4
incompetence,4
tofrom,4
anywhere,4
drive,4
airside,4
buying,4
treating,4
a380s,4
concern,4
essentials,4
rubber,4
e,4
decency,4
bizarre,4
back,4
noise,4
kindly,4
brilliant,4
necessary,4
cream,4
45mins,4
compartments,4
eastern,4
phones,4
veg,4
damaged,4
ate,4
searching,4
slightest,4
option,4
noticeably,4
gets,4
12th,4
nonstop,4
flow,4
rental,4
sleep,4
acknowledged,4
kuwait,4
enjoying,4
skipped,4
alicante,4
located,4
touching,4
predicament,4
seychelles,4
east,4
challenged,4
mashed,4
cleaning,4
create,4
obvious,4
include,4
luxurious,4
lock,4
routine,4
official,4
green,4
curry,4
keeping,4
3hrs,4
bland,4
communicate,4
1200,4
messed,4
whats,4
scrambled,4
shouldnt,4
poorer,4
raise,4
porto,4
chatty,4
displayed,4
tag,4
2h,4
funny,4
charter,4
4h,4
chased,4
stale,4
disruption,4
stressed,4
inflated,4
wrap,4
thank,4
hall,4
1835,4
flag,4
audio,4
fed,4
nicer,4
sausage,4
flexibility,4
£300,4
somewhat,4
arent,4
unlucky,4
reliable,4
wed,4
strong,4
addressed,4
spare,4
comments,4
hasnt,4
atlanta,4
orderly,4
tomorrow,4
ying,4
help,4
tier,4
23kg,4
fabulous,4
signs,4
jersey,4
product,4
preparing,4
secure,4
bronze,4
competent,4
cleaned,4
medium,4
irritating,4
somebody,4
neo,4
contempt,4
towels,4
pram,4
accent,4
iad,4
stewards,4
seamless,4
warmth,4
messaging,4
contacting,4
true,4
hopefully,4
downright,4
wrote,4
carry,4
patience,4
expense,4
handing,4
focus,4
7am,4
arrange,4
ticketing,4
pax,4
similarly,4
marstal,4
pacific,4
begin,4
furthermore,4
80,4
plate,4
vacant,4
230,4
cph,4
refreshment,4
success,4
clerk,4
nuts,4
loved,4
warning,4
kalamata,4
proved,4
concerns,4
28,4
ordering,4
awkward,4
aisles,4
ordinary,4
preflight,4
wheelchair,4
scanned,4
false,4
stars,4
hung,4
location,4
bearing,4
bright,4
disabled,4
kiosk,4
noted,4
excuses,4
rip,4
husbands,4
transportation,4
airborne,4
k,4
borders,4
swift,4
shortage,4
privilege,4
visa,4
document,4
mechanical,4
assumed,4
qr,4
verified,4
stupid,4
colleagues,4
steps,4
loss,4
tests,4
agree,4
roundtrip,4
escalator,4
midnight,4
shoulders,4
22nd,4
ashamed,4
contrary,4
recognised,4
escalate,4
failing,4
seatbelt,4
promises,4
shouting,4
complaining,4
bear,4
pointless,4
capable,4
777200,4
beside,4
6ft,4
overcooked,4
speedily,4
elite,4
mains,4
airfare,4
strikes,4
jose,4
keen,4
tampa,4
inconvenience,4
transfers,4
5th,4
chips,4
officer,4
etihad,4
duty,4
boac,4
atrocious,4
cart,4
stands,4
neighbour,4
abroad,4
nine,4
sweden,4
emotional,4
duvet,4
profit,4
24th,4
nassau,4
pricing,4
store,4
arrives,4
controls,4
pressure,4
piece,4
subsequently,4
spanish,4
par,4
explaining,4
urgent,4
grand,4
norwegian,4
cause,4
deplaning,4
practice,4
worry,4
removed,4
membership,4
250ml,4
regardless,4
aviation,4
personable,4
mood,4
work,4
sized,4
incredible,4
caring,4
broke,4
companies,4
slice,4
compelled,4
well,4
pinching,4
apologise,4
recommend,4
hostess,4
additionally,4
nevertheless,4
nashville,4
approx,4
infant,4
lately,4
share,4
consistently,4
sardines,4
forgot,4
onward,4
spot,4
care,4
chennai,4
8pm,4
direction,4
decades,4
shop,4
german,4
curtain,4
flowers,4
competitive,4
deplaned,3
joy,3
1250,3
phoning,3
mobile,3
hangs,3
nicest,3
swiss,3
terribly,3
disappear,3
24h,3
afraid,3
ability,3
loos,3
sweet,3
putting,3
alternate,3
encourage,3
golf,3
pantry,3
radio,3
spilled,3
submission,3
involved,3
flying,3
germany,3
pursue,3
pound,3
reliability,3
settle,3
parking,3
meat,3
outgoing,3
horrible,3
ploughmans,3
james,3
surly,3
showers,3
overdue,3
333,3
flexible,3
patiently,3
sending,3
devices,3
price,3
customers,3
cancun,3
tour,3
point,3
model,3
210,3
lap,3
ipa,3
lavatory,3
related,3
living,3
strange,3
ensured,3
clunky,3
avoiding,3
3hour,3
cross,3
availability,3
aged,3
search,3
guys,3
socket,3
neighbours,3
machines,3
vast,3
miniscule,3
reassuring,3
formal,3
horror,3
conference,3
prepandemic,3
panicked,3
grabbed,3
exhausted,3
guide,3
scam,3
shopping,3
denver,3
demanding,3
reclines,3
dumped,3
spoilt,3
wt,3
consisted,3
haben,3
ham,3
insist,3
1hr,3
improvements,3
whereas,3
rice,3
supplier,3
uninterested,3
wieder,3
quarter,3
turning,3
overbooking,3
—,3
conversations,3
appalled,3
lousy,3
noone,3
automatic,3
ny,3
netflix,3
heat,3
entering,3
behaviour,3
eyes,3
preference,3
£50,3
market,3
increased,3
negatives,3
recliner,3
separated,3
£150,3
america,3
cereal,3
genuinely,3
distinctly,3
ripped,3
denmark,3
yinyang,3
kiosks,3
lets,3
stairs,3
unavoidable,3
yin,3
folks,3
spite,3
eligible,3
crazy,3
ease,3
touched,3
endless,3
amazingly,3
comfy,3
used,3
3am,3
punctual,3
zones,3
suffer,3
absent,3
underlines,3
persons,3
cleared,3
£499,3
dime,3
tagged,3
19th,3
turmoil,3
…,3
stage,3
hide,3
texts,3
efficient,3
1530,3
fliers,3
average,3
tatty,3
turkey,3
slight,3
impact,3
grateful,3
context,3
630,3
unusable,3
closer,3
vague,3
states,3
lhrlax,3
punctuality,3
disastrous,3
solely,3
valencia,3
crackers,3
fallen,3
reps,3
struggled,3
considerably,3
preparation,3
sympathy,3
unwell,3
greece,3
dramatically,3
altogether,3
pa,3
salzburg,3
eu,3
8th,3
adjust,3
resolving,3
0,3
force,3
engagement,3
buck,3
29,3
helps,3
urgency,3
trains,3
unfair,3
notification,3
anniversary,3
reclining,3
netherlands,3
sugar,3
great,3
ongoing,3
compensated,3
baltimore,3
deleted,3
funeral,3
impressive,3
squeezed,3
£2000,3
comedy,3
certificate,3
metal,3
710,3
becoming,3
knows,3
prices,3
accountability,3
convinced,3
317,3
800,3
advantage,3
gotten,3
manual,3
suffering,3
makeup,3
bunch,3
repeated,3
industrial,3
fish,3
director,3
refurbishment,3
36,3
failures,3
programmes,3
dividing,3
bringing,3
stretching,3
cafe,3
tend,3
greet,3
wherever,3
best,3
developed,3
70,3
ce,3
hitch,3
27,3
better,3
amend,3
clothing,3
lca,3
stretched,3
extend,3
inexcusable,3
verify,3
exact,3
notch,3
failure,3
grab,3
press,3
alternatives,3
annoyed,3
incurred,3
wants,3
72,3
supportive,3
vip,3
performed,3
fobbed,3
standby,3
tear,3
mum,3
aspire,3
sector,3
accommodate,3
common,3
exec,3
disregard,3
trusting,3
mykonos,3
arms,3
organisation,3
police,3
furious,3
luggage,3
path,3
110,3
alright,3
youd,3
grateful,3
featured,3
contained,3
keflavik,3
continuing,3
challenging,3
surgery,3
trips,3
pull,3
jump,3
features,3
regret,3
bell,3
likely,3
carousel,3
rare,3
malfunction,3
inverness,3
invariably,3
containing,3
hugely,3
clients,3
tirana,3
ship,3
cutlery,3
sharing,3
en,3
mere,3
hello,3
tow,3
incident,3
understaffed,3
woeful,3
equipped,3
selling,3
leaves,3
tolerable,3
keflavík,3
relax,3
sardinia,3
enhanced,3
dxb,3
wash,3
executives,3
flies,3
crisis,3
uncomfortably,3
marks,3
stains,3
solutions,3
desperately,3
64,3
knee,3
allows,3
lying,3
escorted,3
enduring,3
eg,3
1hour,3
toulouse,3
parked,3
compounded,3
albeit,3
cityflyer,3
poor,3
remove,3
trained,3
hopeless,3
desperate,3
purser,3
increasingly,3
task,3
listening,3
glorified,3
protocols,3
monitors,3
5ft,3
demanded,3
solo,3
congestion,3
conclusion,3
claustrophobic,3
blame,3
delighted,3
shepherds,3
restaurant,3
easyjet,3
degrees,3
pcr,3
revenue,3
requires,3
drawback,3
complicated,3
evoucher,3
efforts,3
notifying,3
rating,3
de,3
walking,3
mentioned,3
janeiro,3
soaking,3
late,3
profits,3
oslo,3
fiasco,3
caught,3
advertised,3
senior,3
wake,3
combined,3
weird,3
respectful,3
zoo,3
awaiting,3
girlfriend,3
log,3
pain,3
weak,3
satisfied,3
heineken,3
airbus,3
cargo,3
2hrs,3
platitudes,3
norm,3
apply,3
user,3
spectacles,3
reminiscent,3
decaf,3
relaxing,3
10pm,3
opportunity,3
hospitality,3
preorder,3
competing,3
skies,3
benefits,3
interior,3
unlimited,3
drove,3
reassured,3
greeting,3
billund,3
appreciation,3
photos,3
highlight,3
anybody,3
callous,3
centres,3
reserving,3
plentiful,3
experiencing,3
gin,3
aud,3
3000,3
assignments,3
earth,3
loading,3
schedule,3
newark,3
reputation,3
alex,3
article,3
operating,3
enforced,3
proceed,3
effect,3
greatly,3
loss,3
offloaded,3
one,3
nights,3
shall,3
rescheduled,3
exchange,3
trapped,3
embarrassed,3
santorini,3
connexion,3
african,3
tries,3
elsewhere,3
carrying,3
opt,3
school,3
starting,3
replies,3
thousands,3
explains,3
impeccable,3
strangers,3
media,3
peak,3
lanyard,3
shabby,3
reflect,3
goodies,3
outlet,3
sons,3
mxp,3
dallas,3
insisting,3
airplanes,3
slim,3
sjc,3
attack,3
bang,3
buttons,3
nonrefundable,3
consumer,3
mistakes,3
malta,3
courtesy,3
engine,3
surprising,3
electronics,3
£700,3
173,3
slipped,3
2200,3
engineer,3
washed,3
avoid,3
shockingly,3
socalled,3
73,3
uniform,3
unusual,3
picture,3
government,3
brief,3
highlighted,3
shops,3
ibiza,3
attempting,3
arrive,3
private,3
proud,3
passengers,3
tall,3
latter,3
pitiful,3
bonus,3
mandatory,3
sought,3
mail,3
searched,3
unreliable,3
aid,3
cheerful,3
29th,3
unsuitable,3
potential,3
scone,3
insufficient,3
climbing,3
forthcoming,3
purposely,3
permitted,3
lukewarm,3
present,3
marketing,3
jammed,3
substantial,3
mrs,3
extras,3
ear,3
warn,3
sales,3
prebooking,3
despair,3
equipment,3
stick,3
csm,3
eggs,3
fell,3
2017,3
credits,3
avail,3
us,3
smoked,3
first,3
crowd,3
slamming,3
slices,3
yingyang,3
begging,3
butter,3
feature,3
gravy,3
evidence,3
sucks,3
driver,3
communicated,3
fault,3
forth,3
soggy,3
sour,3
appallingly,3
ultra,3
lhraus,3
wednesday,3
dm,3
praise,3
lodged,3
adding,3
omelette,3
upgrades,3
assisted,3
b777,3
partial,3
inappropriate,3
mini,3
vaccination,3
building,3
compete,3
laid,3
seeking,3
ciara,3
chair,3
tells,3
extended,3
leeds,3
speedy,3
responding,3
efficiency,3
uses,3
guest,3
gvalhr,2
lhrzrh,2
costs,2
delivery,2
loo,2
largely,2
zrhlhr,2
nationals,2
tracing,2
dishonest,2
stepping,2
prelanding,2
cane,2
setup,2
cs,2
hidden,2
infrastructure,2
data,2
halves,2
warned,2
acknowledgement,2
superbly,2
rightly,2
comment,2
gum,2
chewing,2
whenever,2
sparkling,2
friendly,2
learn,2
bottled,2
upgrading,2
hesitant,2
ba59,2
edi,2
commend,2
b787,2
erroneously,2
flawless,2
hiring,2
pushback,2
commonwealth,2
ordeal,2
vielhr,2
jobs,2
revamped,2
urging,2
congratulate,2
thick,2
crispy,2
daytime,2
aging,2
satellite,2
shortbread,2
plain,2
untrue,2
overcrowding,2
severe,2
dire,2
description,2
italian,2
fulfilled,2
swedish,2
upcoming,2
protect,2
bigger,2
smart,2
dimmed,2
computers,2
cancels,2
1a,2
bet,2
plug,2
liquid,2
tegel,2
fuss,2
correctly,2
absorbed,2
930,2
seoul,2
tumbler,2
lyon,2
24hrs,2
mark,2
zip,2
1520,2
circa,2
cockpit,2
misguided,2
seville,2
indefensible,2
distributed,2
t5,2
authorized,2
kefalonia,2
lit,2
scrum,2
scared,2
20th,2
quarantine,2
a319,2
celebrate,2
€500,2
soon,2
charm,2
tourist,2
iconic,2
deciding,2
suits,2
alcoholic,2
11am,2
involuntary,2
frustrate,2
invited,2
herded,2
sky,2
virus,2
sept,2
belonging,2
£28,2
appropriate,2
philadelphia,2
received,2
disorganized,2
£500,2
sees,2
abuja,2
refund,2
830,2
cod,2
unappetising,2
glassware,2
road,2
180,2
striking,2
really,2
awake,2
driven,2
downgrades,2
advises,2
racket,2
trading,2
sports,2
snug,2
£70,2
9pm,2
6pm,2
advantages,2
weighed,2
reflection,2
30min,2
rid,2
asthma,2
insincere,2
nicely,2
gripe,2
oversized,2
pyjamas,2
wondered,2
briefing,2
wrapped,2
temporary,2
trouble,2
persist,2
bc,2
lacking,2
unresponsive,2
expect,2
isle,2
lacks,2
meantime,2
starters,2
fruits,2
cue,2
cheek,2
individually,2
mattress,2
internal,2
blocks,2
turnaround,2
hell,2
dollars,2
danish,2
indefinite,2
lunchtime,2
sq,2
expectation,2
immaculate,2
humanly,2
woke,2
version,2
oldest,2
shelf,2
allocation,2
tvs,2
aircon,2
taiwan,2
gbp,2
b747,2
57,2
guests,2
honour,2
issue,2
thanks,2
loads,2
brandy,2
jk,2
550,2
winds,2
december,2
11f,2
hours,2
apprehensive,2
faces,2
a321neo,2
enough,2
bassinet,2
frustrated,2
730,2
assign,2
althea,2
cap,2
reenter,2
refreshed,2
traveller,2
iced,2
typically,2
wind,2
aeroplane,2
fever,2
queried,2
silly,2
removing,2
lift,2
shout,2
kilos,2
amstel,2
medication,2
barebones,2
thoughtful,2
ale,2
quilted,2
hole,2
refit,2
expressing,2
visibly,2
atl,2
egyptair,2
grade,2
bullied,2
curtesy,2
amazed,2
webjet,2
array,2
format,2
desert,2
packs,2
b747400,2
provided,2
contingency,2
cancelled,2
world,2
court,2
onions,2
leisure,2
outstanding,2
shrug,2
switch,2
bagel,2
interaction,2
requirements,2
2016,2
adults,2
concerned,2
woken,2
cm,2
quickly,2
complaints,2
papers,2
18th,2
doctors,2
motions,2
discussed,2
£65,2
haul,2
acoustics,2
progress,2
facetime,2
astonishing,2
remarkably,2
welcomed,2
clicking,2
hopelessly,2
glutenfree,2
civilised,2
distant,2
accompany,2
chap,2
honoured,2
breaks,2
negatively,2
1800,2
harder,2
mobility,2
ac,2
moment,2
cool,2
overheated,2
ago,2
west,2
divide,2
wall,2
seasoned,2
speech,2
sensitive,2
laughing,2
inseat,2
types,2
display,2
uk,2
salads,2
redeemed,2
a17,2
possible,2
59,2
suppose,2
dining,2
redemption,2
jokes,2
routes,2
affect,2
administration,2
arranging,2
detailed,2
snaking,2
promptly,2
remotely,2
advert,2
205,2
bacon,2
houston,2
tears,2
appetiser,2
mistake,2
12h,2
reluctantly,2
prevent,2
2612004,2
allergies,2
sweating,2
permission,2
aberdeen,2
extraordinary,2
loose,2
bubble,2
sickness,2
locker,2
newly,2
law,2
reinstate,2
distress,2
referred,2
proposed,2
controlled,2
handset,2
towel,2
cutback,2
names,2
gnocchi,2
fine,2
elevator,2
33,2
puts,2
anything,2
response,2
marred,2
60th,2
heating,2
horrid,2
23rd,2
passage,2
dreading,2
treats,2
bussing,2
factor,2
faro,2
jal,2
115hr,2
mash,2
1h,2
flt,2
spanning,2
locked,2
egypt,2
leaning,2
roomy,2
ambassador,2
pretend,2
environment,2
asks,2
m25,2
hour,2
afford,2
spacing,2
lasted,2
overly,2
underwhelming,2
embarrassment,2
cheerfully,2
explore,2
mercifully,2
shame,2
headphone,2
ec,2
reykjavik,2
desired,2
narita,2
died,2
earphone,2
jack,2
threehour,2
15m,2
con,2
slowed,2
wandering,2
inedible,2
unanswered,2
meagre,2
chocolates,2
random,2
england,2
blind,2
coughing,2
recommendation,2
releases,2
crumbs,2
roam,2
inconsiderate,2
£12,2
bars,2
rated,2
cookies,2
respects,2
activity,2
thereafter,2
diversity,2
guys,2
rudeness,2
sfo,2
worried,2
tangible,2
excess,2
iag,2
hearted,2
promises,2
tonic,2
plummeted,2
stopover,2
regain,2
volunteers,2
voice,2
liking,2
hung,2
ticked,2
washingtonlondon,2
source,2
line,2
homeward,2
whoever,2
lodging,2
earn,2
tons,2
tours,2
burnt,2
recorded,2
roast,2
700,2
salvation,2
arabic,2
gracious,2
tsa,2
preceded,2
charming,2
marseille,2
terrific,2
era,2
summed,2
collins,2
unwatchable,2
barbara,2
dutifully,2
gorgeous,2
1458,2
11516,2
unforgettable,2
conveyor,2
misses,2
tested,2
philippines,2
sweat,2
bare,2
fortunate,2
overlooked,2
think,2
businessfirst,2
embarkation,2
blissfully,2
certificates,2
maintain,2
aus,2
surreal,2
consumption,2
wanting,2
summer,2
tilted,2
jacket,2
napkin,2
forgotten,2
orleans,2
a3501000,2
highlights,2
subpar,2
issuing,2
accurate,2
blemish,2
moments,2
unwilling,2
scotland,2
surcharge,2
whacked,2
fits,2
hash,2
convenience,2
hungary,2
approaching,2
hungarian,2
nickel,2
prolonged,2
authorities,2
mixture,2
mushroom,2
relation,2
trip,2
11th,2
stare,2
practically,2
potato,2
english,2
inaccessible,2
andor,2
appearance,2
way,2
1900,2
countries,2
truth,2
economical,2
343,2
yr,2
antique,2
rival,2
timeline,2
allergy,2
stupidly,2
frustratingly,2
worthy,2
initiative,2
streaming,2
strategy,2
speedbird,2
tidy,2
congregating,2
struggles,2
brexit,2
catching,2
enthusiastic,2
generated,2
gesture,2
shanghai,2
identified,2
taxes,2
3x3,2
smallest,2
antalya,2
anytime,2
antigua,2
kl,2
unexpected,2
meetings,2
bos,2
outsourced,2
coordination,2
refer,2
bites,2
endlessly,2
lesson,2
funchal,2
voucher,2
browns,2
pier,2
egates,2
mentioning,2
enquired,2
nonetheless,2
30mins,2
commenced,2
tannoy,2
26th,2
requirement,2
purchasing,2
anxious,2
backlog,2
endured,2
spoon,2
stirrer,2
desperation,2
maps,2
unprofessional,2
plus,2
continuous,2
27th,2
wfi,2
paid,2
newspapers,2
screaming,2
investing,2
remind,2
finesse,2
business,2
mia,2
inevitable,2
vote,2
attractive,2
delight,2
friendliness,2
faults,2
rates,2
washroom,2
resented,2
assurances,2
adamant,2
crowds,2
ha,2
edreams,2
positioned,2
lane,2
signed,2
asleep,2
stream,2
wrapper,2
mozzarella,2
moscow,2
taller,2
islamabad,2
occurrence,2
glamour,2
stroller,2
corridor,2
steak,2
attended,2
esta,2
£25,2
mothers,2
managers,2
abrupt,2
belgium,2
bermuda,2
sacked,2
counts,2
disgusted,2
faith,2
situation,2
california,2
cruising,2
vegan,2
departs,2
1k,2
payable,2
measures,2
learning,2
stunned,2
followups,2
receiving,2
misplaced,2
celebration,2
responses,2
travel,2
aeroflot,2
ripped,2
asap,2
tad,2
risotto,2
art,2
desire,2
infuriating,2
justify,2
functional,2
blocking,2
clamber,2
pink,2
ownership,2
revolting,2
fog,2
premeal,2
corporate,2
slid,2
andrews,2
ba709,2
blamed,2
spicy,2
shorter,2
1700,2
around,2
1030,2
decide,2
americas,2
1020,2
stealing,2
foods,2
displeasure,2
suffered,2
banana,2
dream,2
embarrassing,2
dropdown,2
destroyed,2
intend,2
j,2
strongly,2
sink,2
genuine,2
heated,2
appealing,2
smelt,2
sie,2
approximately,2
ps,2
bite,2
engaged,2
seemingly,2
sits,2
sliding,2
contracted,2
income,2
theory,2
hometown,2
sympathetic,2
insulting,2
iberias,2
horrified,2
base,2
coupled,2
incompetence,2
continually,2
mom,2
slots,2
15mins,2
disrupted,2
scammed,2
10000,2
program,2
pinnacle,2
adjustable,2
florida,2
harrogate,2
thankful,2
monaco,2
likes,2
unpolished,2
muddled,2
londons,2
bump,2
presentation,2
shoddy,2
naturally,2
astonishingly,2
mouth,2
checkpoint,2
swapped,2
ugly,2
deep,2
rerouting,2
yo,2
reduce,2
booted,2
unremarkable,2
disappointments,2
caa,2
312,2
reinstated,2
pdf,2
uploaded,2
bad,2
volume,2
edges,2
chunk,2
dropping,2
health,2
sight,2
laughed,2
goodness,2
intact,2
pastry,2
7878,2
finger,2
knowledge,2
pointing,2
b36,2
catalogue,2
led,2
equally,2
seat,2
picks,2
assistant,2
letzten,2
grubby,2
away,2
pays,2
earned,2
cope,2
cutbacks,2
mit,2
unsympathetic,2
confused,2
substituted,2
feeding,2
sms,2
carriers,2
accommodations,2
checkedin,2
cash,2
cruz,2
flug,2
reads,2
war,2
cherry,2
recommended,2
rearrangements,2
rolling,2
improving,2
lay,2
fullservice,2
flughafen,2
fob,2
chilled,2
younger,2
asia,2
options,2
perks,2
noticeable,2
deliberately,2
tax,2
fold,2
uncaring,2
globally,2
everywhere,2
delivering,2
tracker,2
2pm,2
purchases,2
alliance,2
toothpaste,2
taxiing,2
puerto,2
rico,2
notifications,2
lodge,2
unknown,2
perspective,2
primary,2
sitzen,2
lifetime,2
risking,2
zealand,2
cram,2
custom,2
thanked,2
bitter,2
investigate,2
backpack,2
mate,2
acted,2
serviced,2
carryon,2
race,2
meanwhile,2
reception,2
slowly,2
lame,2
uncertain,2
departments,2
admitted,2
phone,2
essentially,2
exist,2
europe,2
sum,2
fear,2
local,2
installing,2
rescheduling,2
pot,2
farce,2
swore,2
150,2
verspätung,2
produce,2
volumes,2
unseren,2
hate,2
verpassen,2
deteriorated,2
waits,2
google,2
disembarked,2
oct,2
auch,2
beijing,2
unser,2
onwards,2
gepäck,2
function,2
china,2
left,2
charger,2
avoided,2
reviewing,2
unprofessionally,2
beers,2
flippant,2
staff,2
antibacterial,2
carolina,2
copy,2
designated,2
videos,2
possibility,2
obliged,2
lives,2
premier,2
information,2
individuals,2
portugal,2
washrooms,2
joking,2
prepaid,2
suited,2
closest,2
reassure,2
nasty,2
active,2
includes,2
monitor,2
story,2
cubicle,2
edge,2
niece,2
scones,2
unfortunate,2
bru,2
flatbed,2
la,2
driving,2
apps,2
excel,2
abandon,2
everyday,2
metres,2
exceptions,2
boot,2
bored,2
authorisation,2
hefty,2
insane,2
inefficient,2
places,2
dig,2
financially,2
biggest,2
klm,2
medicines,2
atc,2
trend,2
year,2
peace,2
disability,2
sloppy,2
malpensa,2
enroute,2
cooling,2
salary,2
clearance,2
estimated,2
mill,2
ageing,2
understatement,2
brother,2
supporting,2
commented,2
switched,2
setting,2
updating,2
audacity,2
forum,2
brownie,2
sauce,2
degree,2
built,2
rights,2
callousness,2
fork,2
suddenly,2
afforded,2
opening,2
declared,2
covering,2
body,2
routed,2
triple,2
disgrace,2
1300,2
£30,2
slip,2
meaningful,2
delivers,2
slippers,2
monopoly,2
interact,2
refusal,2
carrier,2
fetch,2
numbing,2
apologized,2
overpriced,2
proves,2
stansted,2
physical,2
abreast,2
questioned,2
armrests,2
continental,2
useful,2
restrooms,2
labelled,2
priority,2
signal,2
portion,2
clue,2
squished,2
identical,2
downhill,2
bordering,2
airmiles,2
guidance,2
workers,2
bumping,2
1930,2
dent,2
equal,2
brutal,2
helpfully,2
wallet,2
terrible,2
hey,2
thirty,2
nope,2
cucumber,2
enable,2
docklands,2
cana,2
concept,2
punta,2
exercise,2
consideration,2
aggressive,2
activities,2
become,2
lowered,2
discuss,2
nonsense,2
intention,2
french,2
bean,2
cry,2
earbuds,2
aer,2
slammed,2
season,2
purpose,2
enabling,2
scrap,2
smarter,2
ushered,2
unaware,2
amends,2
server,2
reputable,2
cousins,2
personality,2
desirable,2
sensible,2
gradually,2
ineptitude,2
loud,2
onboard,2
13th,2
funky,2
watching,2
impatient,2
obnoxious,2
lowest,2
nephew,2
babies,2
lima,2
announce,2
1955,2
refuses,2
former,2
newborn,2
jam,2
switzerland,2
representing,2
damage,2
mr,2
navigate,2
furniture,2
customer,2
doctor,2
mistakenly,2
john,2
wider,2
funds,2
repeat,2
series,2
combination,2
spa,2
encounter,2
london,2
mistagged,2
outcome,2
shower,2
people,2
unorganized,2
expressed,2
accessed,2
1015,2
latam,2
largest,2
300,2
ideas,2
ai,2
mass,2
enquiring,2
plague,2
redeeming,2
flimsy,2
cheated,2
attached,2
marrakech,2
ounce,2
budge,2
band,2
application,2
smith,2
draw,2
cheeks,2
restless,1
maelstrom,1
regultions,1
2½,1
unnecessarily,1
equalizers,1
begrudgingly,1
vocal,1
demonstrated,1
earplugs,1
food,1
intrusion,1
threatened,1
descend,1
ears,1
ba956,1
compliance,1
goods,1
hammered,1
aircrafts,1
timeslot,1
inscribed,1
margins,1
nutshell,1
charity,1
intrusive,1
king,1
amlet,1
scores,1
ffp,1
rewarding,1
bubbly,1
seldom,1
alarmingly,1
taxiway,1
fastened,1
7ab,1
sighing,1
olds,1
brands,1
overheard,1
incase,1
steam,1
nicer,1
assistances,1
refrain,1
research,1
pathetic,1
fitting,1
extending,1
favourites,1
7f,1
tlslhr,1
£550,1
celebratory,1
mince,1
confirmations,1
ends,1
childish,1
semilow,1
rollout,1
valiantly,1
moniker,1
soso,1
regaining,1
1240,1
cares,1
lot,1
topped,1
positives,1
bodied,1
two,1
scheme,1
dependable,1
complementary,1
ratings,1
deemed,1
argue,1
josey,1
tank,1
sockets,1
igot,1
1135,1
alter,1
insistent,1
translate,1
statements,1
258,1
usd,1
predominantly,1
skyshop,1
unidentified,1
legacy,1
panasonic,1
rockwell,1
icelandair,1
tikka,1
masala,1
smooth,1
jeddah,1
47,1
wait,1
drink,1
760,1
vastly,1
terminal5,1
ieby,1
necessities,1
hyderabad,1
awesome,1
named,1
florencia,1
gather,1
initiated,1
instantly,1
exemplary,1
repair,1
freeze,1
legitimacy,1
cloak,1
arrivaldeparture,1
volunteer,1
investiture,1
palace,1
recovery,1
suffers,1
claustrophobia,1
24c,1
24d,1
scanner,1
father,1
quoting,1
convention,1
welfare,1
recovering,1
slide,1
halt,1
await,1
oversold,1
interactions,1
voluntary,1
oriented,1
12f,1
12d,1
choices,1
12e,1
understaffed,1
terminally,1
boards,1
easiest,1
modicum,1
ashes,1
bedlam,1
rwturn,1
installed,1
ipod,1
footrests,1
stew,1
miniature,1
scattering,1
mushrooms,1
muffin,1
ba2591,1
windy,1
sandwich,1
abuse,1
warrant,1
cushioning,1
dismal,1
tag,1
onus,1
nowt,1
consequences,1
events,1
mishandled,1
shattered,1
barrel,1
cramps,1
1815,1
spots,1
stiff,1
sociopathic,1
attitudes,1
replacing,1
320,1
operators,1
member,1
a321s,1
scratches,1
renewed,1
pretended,1
drinkable,1
cans,1
tiger,1
lager,1
tracey,1
abreakfast,1
cream,1
07,1
ab,1
sand,1
costing,1
35hour,1
mismatch,1
aegean,1
plugged,1
bordeaux,1
wedge,1
tabard,1
15c,1
15d,1
desserts,1
mybeef,1
quantity,1
classlike,1
adressed,1
someones,1
contact,1
personalized,1
leaned,1
concerning,1
walkway,1
maligned,1
unwise,1
introduction,1
4hrs,1
27mins,1
maintenance,1
ba0015singapore,1
briefcase,1
shuttles,1
stories,1
flung,1
exotic,1
shrugged,1
hatch,1
halal,1
pile,1
61,1
clamped,1
impeccable,1
90s,1
stir,1
fry,1
refuelled,1
reboarding,1
nightmares,1
junked,1
gall,1
coop,1
partitions,1
rattled,1
welldeserved,1
dayvia,1
undertrained,1
fiddling,1
configured,1
reds,1
clutter,1
uncleared,1
eater,1
peckish,1
climbed,1
provide,1
toothbrushtoothpaste,1
satisfied,1
blown,1
mighty,1
actively,1
purple,1
shunted,1
carbohydrate,1
filigree,1
eatable,1
bathrooms,1
nudge,1
25½,1
outdid,1
texting,1
188,1
deboarded,1
continue,1
tape,1
tx,1
tiredness,1
lean,1
maneuvering,1
vents,1
stuffy,1
worth,1
disrupt,1
landings,1
transat,1
normalnewish,1
offerings,1
accustomed,1
fist,1
acceptable,1
tin,1
debacle,1
mockery,1
awkwardly,1
shadow,1
poorest,1
aeroplanes,1
deserves,1
bust,1
begrudge,1
risked,1
host,1
julie,1
competitively,1
profits,1
tandoori,1
palettes,1
pursuit,1
deliveredthis,1
sync,1
9hr,1
critical,1
hostesshost,1
gaze,1
surpass,1
lazy,1
complicate,1
lockdown,1
horizon,1
ireland,1
a350s,1
moderate,1
tailwinds,1
indirect,1
£10,1
ringing,1
adjudicator,1
reorganize,1
evouchers,1
trick,1
lastminute,1
highresolution,1
liquids,1
londonheathrow,1
ending,1
filters,1
sequentially,1
marksspencer,1
cleanliness,1
impeccably,1
filthy,1
admin,1
enquire,1
lessons,1
contravention,1
777,1
settees,1
hernia,1
reunion,1
951,1
americans,1
excused,1
renewal,1
mailed,1
airbbs,1
qualify,1
partnership,1
valued,1
midmarch,1
quarantined,1
yell,1
reentry,1
sentiment,1
lived,1
mammoth,1
deducted,1
robotic,1
overwhelming,1
timeframe,1
uncertainty,1
safe,1
withholding,1
bane,1
282,1
misconnected,1
greed,1
persisting,1
arlanda,1
eueftaeea,1
disconnect,1
closely,1
adjustments,1
consumers,1
adjusting,1
lentil,1
dramatic,1
spring,1
accused,1
goa,1
categorically,1
agitation,1
tact,1
makers,1
particular,1
645am,1
odds,1
stakes,1
cheapskate,1
deem,1
deceitful,1
practices,1
complying,1
advisory,1
legal,1
fo,1
ruled,1
morale,1
unmanaged,1
contemptible,1
crisisand,1
reevaluate,1
fails,1
bans,1
obstructive,1
bureaucracy,1
2000,1
virus,1
lied,1
verging,1
organisatiion,1
securing,1
disappointed,1
flier,1
programme,1
shitty,1
toll,1
tochange,1
facebook,1
alternative,1
blurt,1
ref,1
else…,1
briefly,1
spoken,1
vehicle,1
illegally,1
preexisting,1
postpone,1
associates,1
implore,1
pandemic,1
choose,1
overwing,1
formula,1
upholding,1
tambo,1
gross,1
bowl,1
maskless,1
600am,1
risks,1
disappointing,1
se,1
unity,1
openlimited,1
dissimilar,1
lahore,1
beg,1
beforehand,1
trash,1
listened,1
rant,1
quarantines,1
sipping,1
constructive,1
criticism,1
sheets,1
swab,1
rule,1
munichlondon,1
citymunich,1
adjectives,1
beings,1
instances,1
would,1
shanell,1
scuff,1
comprehensive,1
787s,1
amendment,1
amendments,1
appearing,1
representative,1
chirstmas,1
wise,1
interacting,1
know,1
joked,1
russia,1
mistaken,1
morality,1
collision,1
savior,1
routing,1
frozen,1
humanity,1
egyptian,1
victoria,1
enormously,1
lastly,1
mani,1
substitute,1
conclude,1
mental,1
ignorant,1
wishes,1
formalities,1
wave,1
deeply,1
unimpressed,1
chinstrap,1
considerate,1
inappropriately,1
boring,1
excitement,1
89,1
clean,1
spotlessly,1
evacuated,1
engineers,1
reside,1
successful,1
hungry,1
blatantly,1
ignoring,1
3000us,1
exchanging,1
frlights,1
clue,1
cliff,1
marchapril,1
obtained,1
weekly,1
honouring,1
practice,1
simplicity,1
history,1
records,1
disassociate,1
misconnect,1
100th,1
personalised,1
cosy,1
preludium,1
oriental,1
vegetable,1
nicolas,1
feuillatte,1
lag,1
irrespecutful,1
700gbp,1
810am,1
700am,1
725am,1
1030pm,1
325,1
lawfully,1
ec261,1
carelessly,1
determining,1
cr,1
effective,1
dispute,1
defences,1
af65,1
reticketed,1
af,1
retain,1
pen,1
disposable,1
assignments,1
multi,1
phx,1
slap,1
tennis,1
cancer,1
logan,1
accra,1
ghana,1
3250,1
fighting,1
234,1
filing,1
fightcontinues,1
gripes,1
embassy,1
31,1
droopy,1
1500,1
pacifics,1
downsides,1
pesky,1
disgruntle,1
6500,1
nickleanddimed,1
ns,1
rearmost,1
4244,1
outer,1
degradation,1
medieval,1
tooth,1
roundabout,1
wooden,1
panels,1
immeasurably,1
streets,1
noncore,1
inn,1
hordes,1
pc,1
refs,1
billing,1
associated,1
pulled,1
created,1
4am,1
stolen,1
4pm,1
spotted,1
sooner,1
roller,1
coaster,1
heroic,1
fuselage,1
impress,1
ingenious,1
winedispensing,1
logo,1
torture,1
purse,1
4243,1
787,1
shakey,1
relaxed,1
747if,1
6th,1
insinuations,1
intentions,1
instructions,1
reduction,1
curried,1
eversoslightly,1
3a,1
tucked,1
loungepreboarding,1
gaining,1
muesli,1
differentiate,1
serviceable,1
liberty,1
creating,1
youtube,1
packages,1
texts,1
terrifying,1
arisen,1
snow,1
blizzard,1
diicing,1
nonalcoholic,1
deicing,1
clouds,1
refurbish,1
shortcomings,1
tail,1
million,1
reallocated,1
clockwork,1
disliked,1
beams,1
atmosphere,1
offering,1
inspection,1
careappreciation,1
drawers,1
deserving,1
et,1
subscribed,1
pattern,1
idiosyncratic,1
fourcourse,1
obtaining,1
minuscule,1
scorched,1
eroded,1
bkk,1
screams,1
dealings,1
mph,1
gusts,1
53jk,1
definition,1
queen,1
1970s,1
forgive,1
introduce,1
pants,1
forceful,1
lgwbgylgw,1
veteran,1
airfranceklm,1
thr,1
explanatory,1
compassion,1
astounded,1
excludes,1
worse,1
ranked,1
accompanied,1
remembered,1
subsided,1
represents,1
complemented,1
airtags,1
b777,1
reasonss,1
grabbing,1
give,1
weaker,1
couples,1
brightest,1
cx,1
firstclass,1
achievement,1
standout,1
restored,1
praised,1
occasional,1
applicable,1
brush,1
oncegreat,1
palpable,1
grim,1
overfull,1
dreaded,1
hd,1
overhaul,1
investment,1
diabolical,1
10hrs,1
guessing,1
enquiries,1
proving,1
debacles,1
preferences,1
conceited,1
sampled,1
upped,1
promote,1
engage,1
gallery,1
sorted,1
diverse,1
substantive,1
temperamental,1
opposed,1
flagcarrier,1
britain,1
theyd,1
gimmick,1
dilemma,1
severely,1
intended,1
partly,1
retrieval,1
syllable,1
masquerade,1
audible,1
languages,1
inebriation,1
recipe,1
unrelaxing,1
watered,1
enhancement,1
conversely,1
solitary,1
chilly,1
curbside,1
strongest,1
card,1
returns,1
facilitating,1
lecture,1
whod,1
drenched,1
officious,1
semireclined,1
restrictive,1
revised,1
checkinstaff,1
aircraft,1
implementing,1
addon,1
tablets,1
accuse,1
keep,1
exclusive,1
compartment,1
kart,1
movement,1
ons,1
iffy,1
£77,1
unfit,1
prepared,1
remorse,1
changes,1
andthere,1
backward,1
09feb20,1
getting,1
dried,1
magnum,1
contents,1
refresh,1
inconsistencies,1
heathrows,1
plently,1
ft,1
disembarking,1
50gbp,1
ek,1
commendably,1
tree,1
jumbo,1
internally,1
tardy,1
stressful,1
€1000,1
hazardous,1
dismayed,1
drunk,1
fans,1
cider,1
hardworking,1
2300,1
comfortable,1
advertises,1
16hour,1
goodwill,1
involuntarily,1
ca183,1
downgrading,1
vieux,1
fort,1
appeals,1
tannoyed,1
£75,1
prepayment,1
hnd,1
statutory,1
wrongly,1
austerity,1
opposition,1
belts,1
diet,1
expects,1
argued,1
danced,1
ba8,1
comparable,1
precedence,1
circumstance,1
bengaluru,1
humorous,1
airhostesses,1
lead,1
muffled,1
laughs,1
lighter,1
filling,1
integrate,1
reflected,1
detour,1
caveat,1
curiosity,1
reliable,1
perk,1
747s,1
ups,1
stairway,1
foreseeable,1
skilled,1
traveling,1
cradle,1
urine,1
upright,1
filmtv,1
lba,1
indifferent,1
nuisance,1
prioritize,1
masquerading,1
rigid,1
onehour,1
estimate,1
echelons,1
reaches,1
utilising,1
zrh,1
drastic,1
glory,1
hourdeparture,1
715,1
nearer,1
longso,1
eur,1
travlled,1
cyprus,1
crewparticularly,1
managerwho,1
beyond,1
retractable,1
2x3x2,1
gangways,1
unintentionally,1
carryons,1
produced,1
nonresponsive,1
bradford,1
positions,1
stowed,1
triggering,1
celebrates,1
accompanies,1
regulation,1
happens,1
redirected,1
allow,1
ande,1
term,1
15h,1
cafeteria,1
organized,1
788,1
experieinced,1
competitor,1
reasoning,1
2002,1
reversible,1
leaders,1
kgs,1
ba0457,1
1803,1
stephen,1
mediocre,1
receptionist,1
tradition,1
unimpressive,1
insulted,1
angled,1
congealed,1
sponge,1
slimy,1
steakveg,1
cerealyoghurt,1
poached,1
ball,1
patties,1
unpalatable,1
upmarket,1
qf,1
brisbane,1
recheck,1
forwarded,1
reinforce,1
presume,1
veggie,1
continual,1
dialogue,1
respective,1
pockets,1
deeper,1
kindle,1
sincerity,1
lemon,1
helpdesk,1
ba035,1
upkeep,1
vacuuming,1
carpets,1
flooring,1
varied,1
guided,1
puffer,1
expenses—extra,1
dozens,1
auckland,1
fair,1
overbearing,1
improved,1
brought,1
oxygen,1
paramedic,1
thorough,1
wheel,1
park,1
disturbed,1
disclosed,1
ill,1
warmly,1
agreeing,1
icing,1
linate,1
737400,1
pretake,1
sweets,1
cheeseboard,1
rundown,1
come,1
hauls,1
bets,1
streamlined,1
contradicted,1
derisory,1
occasionally,1
system,1
irrelevant,1
steep,1
surname,1
hundred,1
destruct,1
shamehave,1
230419,1
surgical,1
clinical,1
hilight,1
demeanour,1
humour,1
training,1
fiumicino,1
torpedoed,1
cumulative,1
reunited,1
myth,1
heartbreaking,1
ive,1
wishing,1
8am,1
1pm,1
life,1
0103,1
method,1
selecting,1
showers,1
tune,1
buzzed,1
fetched,1
scrabbled,1
eva,1
madness,1
embodied,1
91,1
39,1
beneath,1
bumps,1
assisting,1
scored,1
higher,1
yearold,1
wardrobe,1
hinges,1
nontouch,1
cupboard,1
muster,1
reviewers,1
plating,1
lowres,1
longinthetooth,1
launched,1
aimed,1
174,1
tue,1
girlfriends,1
schedulehowever,1
rectify,1
passed,1
spaces,1
allowance,1
opens,1
tickets,1
airines,1
£500,1
gently,1
ba289,1
1940,1
spoiled,1
haneda,1
disappoint,1
surroundings,1
toffee,1
pudding,1
gentlemen,1
calmed,1
weekdays,1
reclaiming,1
piladelphia,1
ecenomy,1
unorganized,1
auxiliary,1
unit,1
dispensed,1
clumsiness,1
tissues,1
mind,1
245h,1
£5,1
boxes,1
space,1
favoured,1
additonal,1
onflight,1
stripped,1
chill,1
40mins,1
20mins,1
exemplary,1
footrest,1
raws,1
western,1
dear,1
suggest,1
observed,1
thoroughly,1
prestigious,1
shovel,1
black,1
ba228,1
conditioning,1
consistency,1
alternating,1
restroom,1
distributing,1
thrown,1
equals,1
splendid,1
classic,1
relationship,1
minimum,1
schiphol,1
4560,1
overseas,1
unboarded,1
breezed,1
impressions,1
beautifullypresented,1
japanese,1
bentostyle,1
reminder,1
nap,1
350,1
ontario,1
stifling,1
rounds,1
covers,1
malfunctioning,1
screw,1
rage,1
813,1
rt,1
laxbuh,1
luggages,1
betters,1
baffling,1
oppressive,1
decisions,1
owed,1
inop,1
twelvehour,1
plumpest,1
normalsized,1
agonising,1
rack,1
mustve,1
patronising,1
overpriced,1
footstool,1
hunt,1
cheap,1
stewed,1
inspect,1
jug,1
hurried,1
unbooked,1
wheelchairs,1
polderban,1
showup,1
responsible,1
redundant,1
passable,1
halfanhour,1
232,1
marginally,1
preselect,1
stool,1
csd,1
ba836,1
occurs,1
ratatouille,1
swissport,1
terminal,1
wornout,1
irritation,1
incomplete,1
intermittently,1
arc,1
grid,1
sensitivity,1
777s,1
grows,1
changed,1
nail,1
coffin,1
cellophane,1
waste,1
barrage,1
negligent,1
consequence,1
hotting,1
tuscany,1
booze,1
dumb,1
okayish,1
businessman,1
career,1
plcs,1
posted,1
billion,1
objective,1
directors,1
phoneslaptops,1
headsets,1
glasschina,1
ware,1
buckle,1
build,1
dictum,1
starboard,1
aileron,1
buff,1
loseley,1
figured,1
duff,1
precautionary,1
cars,1
lumbar,1
seatback,1
deals,1
harder,1
slickness,1
achieved,1
quirky,1
ba7,1
2030,1
2037,1
£4000,1
cologne,1
suggests,1
starts,1
honoring,1
reissue,1
stocked,1
caribbean,1
spoil,1
defending,1
fuming,1
exacerbated,1
webiste,1
rollercoaster,1
contradicts,1
bidder,1
preserve,1
gloss,1
accountants,1
win,1
£40,1
laugh,1
offhand,1
inhospitable,1
worcester,1
3ins,1
defined,1
drug,1
stores,1
community,1
sophistication,1
chain,1
rebooted,1
extraordinarily,1
refurbishment,1
forwards,1
florence,1
interestingly,1
skyscanner,1
page,1
predinner,1
130,1
complained,1
windows,1
blanked,1
leathery,1
tissue,1
stand,1
knowledgeable,1
employees,1
prohibitive,1
stylish,1
intimate,1
adverts,1
appetizing,1
automation,1
mile,1
1925,1
duly,1
demonstrate,1
elegant,1
wilted,1
cramp,1
snippy,1
pricing,1
£56,1
differed,1
condescending,1
blank,1
defects,1
airworthiness,1
licensed,1
rips,1
famed,1
52,1
8st,1
fashioned,1
ohare,1
streamed,1
loop,1
mad,1
deplorable,1
staring,1
maneuver,1
transition,1
chest,1
b747400s,1
perpetuate,1
passengerno,1
feat,1
uneaten,1
smears,1
275,1
wow,1
recogonised,1
screening,1
happyautism,1
ba033,1
2110,1
poured,1
whose,1
experiences,1
247,1
increasing,1
declining,1
causes,1
abnormally,1
proposition,1
strictly,1
worthless,1
flyer,1
officially,1
surcharges,1
reassurance,1
amounted,1
positively,1
infrequent,1
robo,1
bag,1
inquiry,1
looping,1
important,1
behaved,1
valiant,1
sunflower,1
obligatory,1
pregnant,1
autistic,1
dud,1
645,1
bug,1
beauty,1
sideways,1
illuminated,1
garlic,1
exaggerated,1
etihad,1
petersburgh,1
halfempty,1
deli,1
favourable,1
unhealthy,1
indistinguishable,1
frittatasandwich,1
speed,1
exorbitant,1
spouse,1
adventure,1
1031,1
cheaper,1
22000,1
missive,1
buyer,1
beware,1
transparent,1
trait,1
£152bn,1
organization,1
emotions,1
tight,1
easy,1
multitude,1
forwardbackward,1
vienna,1
surprise,1
flatbread,1
ointment,1
airliner,1
sophisticated,1
2345,1
george,1
engaged,1
shortnotice,1
setting,1
weary,1
supremely,1
defect,1
655pm,1
camping,1
festival,1
fines,1
breaches,1
comprehension,1
invest,1
game,1
michael,1
crofts,1
celebrating,1
despicable,1
bolt,1
unquestionably,1
bleed,1
sobbed,1
prosecco,1
compassionate,1
arguing,1
authority,1
repor,1
bb,1
miserably,1
emailing,1
urge,1
preset,1
3th,1
spnet,1
assistants,1
costa,1
rica,1
ark,1
dc,1
adjuster,1
feel,1
unsatisfied,1
register,1
willingness,1
leased,1
revolve,1
ranging,1
62,1
vce,1
inspectors,1
duration,1
interpretation,1
bacelona,1
mahe,1
glitch,1
torrid,1
inspire,1
motivate,1
moves,1
candid,1
tips,1
travels,1
testify,1
truman,1
ole,1
fantastic,1
ipads,1
took,1
£110,1
£159,1
£187,1
downward,1
efl,1
inauspicious,1
refitted,1
smell,1
evidently,1
moreover,1
940,1
unfunctional,1
doe,1
overt,1
330,1
nice,1
departurearrival,1
shy,1
vueling,1
solved,1
rammed,1
scratch,1
adviser,1
3pm,1
priced,1
ncl,1
conveniently,1
exits,1
crossed,1
sensibly,1
pristine,1
enthusiastically,1
discovering,1
afterthought,1
eco,1
definitely,1
1hr5min,1
sprinting,1
reverse,1
5hour,1
staggering,1
threshold,1
nofrills,1
converting,1
arise,1
kos,1
sodium,1
ramp,1
clockwork,1
plump,1
caterer,1
bourgogne,1
bugs,1
faulty,1
grasp,1
44,1
4cm,1
oversize,1
abujaflight,1
dodging,1
thunderstorms,1
baseshameful,1
lagos,1
anchorage,1
foodless,1
boat,1
improvedscrambled,1
lump,1
yellow,1
heel,1
carpet,1
visible,1
alas,1
scratched,1
plane,1
discrete,1
deservedly,1
glitches,1
a319100,1
25m,1
hoot,1
a320232,1
permitting,1
tools,1
hiccup,1
mistakingly,1
ghastly,1
confident,1
profile,1
depends,1
eurotraveller,1
1m79cm,1
cabincrew,1
x,1
meds,1
learnt,1
ob,1
lhrmxp,1
fruitless,1
tatters,1
embraer,1
e190,1
ripples,1
origin,1
noon,1
possession,1
thrilled,1
tip,1
600pm,1
elemis,1
salon,1
massages,1
pavement,1
59a,1
wedging,1
interruptions,1
blue,1
10£,1
focussing,1
accents,1
anxietyinducing,1
refreshing,1
rectified,1
special,1
cryptic,1
memorabilia,1
crockery,1
highcost,1
coming,1
unusually,1
2616,1
2617,1
cagliari,1
a320200,1
tighter,1
brown,1
bmi,1
attending,1
careful,1
formed,1
advertisement,1
lhr,1
jet2com,1
right,1
bizarre,1
15th,1
turtle,1
paced,1
snail,1
actors,1
elixirs,1
products,1
edibles,1
musical,1
played,1
positives,1
coldest,1
ba0011,1
repaired,1
42,1
ba762,1
dirham,1
£38,1
coffee,1
electronic,1
versions,1
unoccupied,1
sorts,1
planed,1
anyhow,1
centenary,1
specially,1
brewed,1
brewdog,1
sensing,1
entree,1
alighting,1
limit,1
disruptions,1
altitude,1
aprons,1
hawking,1
delaywhen,1
achive,1
boost,1
dank,1
pushy,1
lav,1
stank,1
deltas,1
halfsandwiches,1
smiles,1
discomfort,1
medicine,1
caressed,1
stomach,1
ache,1
ostensibly,1
youve,1
seek,1
haggle,1
endure,1
witness,1
heathrow,1
retro,1
colours,1
friendliness,1
proportion,1
deigned,1
eternity,1
slower,1
jet2,1
counted,1
wording,1
whilst,1
pits,1
userunfriendly,1
£328,1
hated,1
lhrkul,1
kullhr,1
malaysia,1
kuching,1
visited,1
airflow,1
dusseldorf,1
entertainment,1
bert,1
longhauls,1
simy,1
croweed,1
unfolded,1
take,1
headache,1
heres,1
ithe,1
asking,1
234kg,1
repackage,1
pairs,1
20gbp,1
exemplifies,1
safety,1
todays,1
stitch,1
topping,1
3500,1
flustered,1
reappeared,1
gathered,1
vessel,1
amelia,1
777300er,1
affects,1
television,1
abundant,1
delicious,1
toba,1
advertising,1
admits,1
accepts,1
perform,1
months,1
offensive,1
shocker,1
swissair,1
pakistani,1
airspace,1
1330hrs,1
thereby,1
panicky,1
collapsing,1
dozen,1
running,1
sapphire,1
towns,1
savoury,1
madetoorder,1
£7,1
plush,1
2x3,1
screen,1
memorable,1
drinking,1
argentina,1
bonuses,1
top,1
palma,1
recur,1
preferably,1
fatuously,1
interview,1
guiding,1
ecofriendly,1
lows,1
run,1
firmly,1
bucket,1
beaten,1
warnings,1
rely,1
neck,1
beeped,1
30m,1
20m,1
existent,1
def,1
airspace,1
bulgaria,1
views,1
verdict,1
delay,1
cpap,1
apartment,1
casual,1
downtoearth,1
deplaneboard,1
737,1
worldclass,1
reward,1
bound,1
leads,1
worthlessness,1
apologising,1
devalued,1
refunding,1
x25,1
850pm,1
sauntered,1
stared,1
finishing,1
dispatcher,1
unloading,1
olbia,1
arises,1
penned,1
hydration,1
temperatures,1
perplexed,1
hopes,1
shortages,1
fights,1
taxis,1
energy,1
unbelievable,1
presented,1
participation,1
dogs,1
lightly,1
anyone,1
unparalleled,1
curious,1
homologous,1
africas,1
busiest,1
grenada,1
intrigued,1
inane,1
entertaining,1
narrows,1
timely,1
sacrificed,1
pity,1
hotel,1
note,1
timeliness,1
israel,1
icecream,1
furthest,1
rugby,1
given,1
morning,1
appropriated,1
drinks,1
served,1
existence,1
kits,1
toothbrush,1
invitation,1
convert,1
employ,1
aeromexico,1
naples,1
0038,1
arbitration,1
withdraw,1
ditched,1
responsibilities,1
inattentive,1
disabilities,1
stops,1
chance,1
toiletry,1
finds,1
nibbles,1
booth,1
humans,1
porridge,1
kashmir,1
dhami,1
job,1
rsa,1
grandson,1
supervisors,1
prove,1
sir,1
sealed,1
permeate,1
alternate,1
pushedoff,1
indifferentnonhelpful,1
oman,1
manila,1
comprise,1
recompensed,1
halifax,1
harassing,1
unload,1
rude,1
deserved,1
hindu,1
congratulations,1
airports,1
clicked,1
click,1
continuously,1
listen,1
28th,1
rebookable,1
discoloured,1
bookable,1
a4,1
rendered,1
drama,1
25c,1
gina,1
cheery,1
books,1
bulgarian,1
avml,1
whereabouts,1
flavourless,1
changi,1
honor,1
mantra,1
property,1
snatch,1
show,1
agency,1
tremendous,1
fiancé,1
victory,1
existing,1
june2022,1
cad,1
linedesks,1
uninformed,1
candy,1
jaws,1
defeat,1
sleepstay,1
might,1
5pm,1
knack,1
released,1
ad,1
spirits,1
predeparture,1
disrespectful,1
sucked,1
reneged,1
downer,1
perpetual,1
lone,1
immensely,1
mns,1
luggagespace,1
massively,1
155,1
communications,1
chief,1
logistical,1
helping,1
mails,1
protected,1
wondering,1
happening,1
accomplish,1
170,1
death,1
hopping,1
seventh,1
sixth,1
402900,1
2500,1
fifth,1
fourth,1
seconds,1
140000,1
wakes,1
nosedive,1
convey,1
overall,1
instructed,1
unchecked,1
115,1
toddler,1
crisps,1
45min,1
behavior,1
disdain,1
week,1
entertain,1
thumbs,1
attention,1
vile,1
rubbing,1
1000each,1
snapping,1
way—in,1
evident,1
—not,1
horrendous,1
swamped,1
professionally,1
payed,1
iberian,1
britain,1
changeover,1
inexistent,1
suffocating,1
faint,1
reprint,1
screenshots,1
invoice,1
excusing,1
dropping,1
pro,1
bells,1
rows,1
salted,1
arrival,1
obnoxious,1
whelmed,1
8hr,1
sincerely,1
awarded,1
ombudsman,1
bullying,1
coursed,1
provided…etc,1
hodge,1
pudge,1
connectivity,1
communicative,1
classy,1
wheels,1
abusive,1
nastier,1
teacoffee,1
commensurate,1
tied,1
whoops,1
journeys,1
cried,1
yakked,1
periodically,1
assortment,1
like,1
torn,1
anna,1
rib,1
recognition,1
madman,1
cracker,1
exhaustion,1
heavily,1
runaround,1
slapping,1
815am,1
gbp,1
untrustworthy,1
uncertainties,1
rejection,1
needs,1
appreciated,1
magnificent,1
there…,1
proportionately,1
improvement,1
software,1
history,1
assignment,1
rent,1
breath,1
bolted,1
magic,1
recognized,1
honored,1
fabric,1
on39j,1
4162023,1
concourse,1
reputation,1
uniquely,1
bath,1
17inch,1
prepay,1
cmon,1
relentless,1
southwest,1
cleaner,1
garbage,1
gruffly,1
order,1
maddie,1
magazines,1
purchase,1
dfwlhr,1
dfw,1
highlife,1
attributes,1
characteristics,1
place,1
visibility,1
coronation,1
banter,1
unsurprisingly,1
£11,1
iga,1
intraeuropean,1
compiled,1
wc,1
stowing,1
enforce,1
offer,1
exchanged,1
retinasearing,1
default,1
though,1
ghosted,1
pandemonium,1
upside,1
extent,1
members,1
eager,1
fathers,1
deadend,1
sheet,1
tee,1
ultimate,1
forgettable,1
balls,1
ba656,1
tees,1
impressed,1
2260,1
2508,1
sarah,1
rentals,1
arham,1
curryspicy,1
undue,1
remarkable,1
see,1
brightness,1
underequipped,1
hapless,1
a80,1
pamphlet,1
latecomers,1
warp,1
vegaschicagolondonvenice,1
40m,1
manages,1
slip,1
auto,1
tolerable,1
verbatim,1
edmonton,1
westjetnor,1
disheartening,1
sizes,1
seatflat,1
elses,1
tug,1
2k3k,1
marshal,1
immigration,1
430,1
alreadydelayed,1
740pm,1
drank,1
leap,1
products,1
minimalist,1
sleek,1
disagrees,1
ba015,1
either,1
920am,1
suggestion,1
2x2,1
unsold,1
grilled,1
tofu,1
jogging,1
algorithm,1
experienced,1
supercomputer,1
moron,1
battling,1
screwed,1
problematic,1
trustworthy,1
kerbside,1
trusted,1
relationships,1
lagged,1
1830,1
£3500,1
£1500,1
£1100,1
5am,1
1155pm,1
erratic,1
dub,1
unbalanced,1
basel,1
cruelty,1
relatives,1
privately,1
cocacola,1
density,1
memories,1
strategically,1
drama,1
catered,1
outstation,1
exceeded,1
home…we,1
studies,1
85,1
troubles,1
skewing,1
curtains,1
santiago,1
zhrlhr,1
consult,1
cc,1
solicitor,1
ort,1
handles,1
incidents,1
rechecking,1
bgi,1
flightradar24,1
sequence,1
uncomfy,1
wow,1
vicinity,1
mildly,1
brusque,1
tracks,1
aunt,1
query,1
prioritized,1
swear,1
practical,1
involves,1
bloom,1
carriage,1
westbound,1
unbearable,1
fiction,1
fastidiously,1
united,1
yakking,1
2b,1
book,1
adequate,1
lhrsfo,1
cancelation,1
refundable,1
eighteen,1
flaky,1
drowning,1
newspaper,1
unnatural,1
accessing,1
responds,1
eleven,1
widowed,1
skids,1
uncle,1
grief,1
halffull,1
tokenism,1
corridor,1
devoted,1
wonders,1
compliments,1
renaissance,1
silence,1
pages,1
portrays,1
ex,1
nightmare,1
thoroughfare,1
breaking,1
rating,1
barrier,1
occurrence,1
itsu,1
korma,1
champions,1
regard,1
unexpectedly,1
maximise,1
overbook,1
cared,1
altered,1
citizen,1
outdo,1
happy,1
australasia,1
160m,1
ba1427,1
0915,1
1025,1
0445,1
0510,1
1125,1
secret,1
0800,1
dial,1
0757,1
compartment,1
ldnjnb,1
stingy,1
torture,1
2c,1
sardine,1
buried,1
millions,1
welp,1
pretending,1
goodbye,1
kiss,1
decade,1
minuses,1
pod,1
ranks,1
pea,1
inconveniencing,1
0200,1
0650,1
jun,1
boycott,1
2a,1
lockdowns,1
crush,1
cuts,1
provisioning,1
127,1
5800,1
leadership,1
sunk,1
trimmed,1
fooled,1
obligated,1
persists,1
guarantees,1
fundamentally,1
counting,1
fathom,1
begins,1
focused,1
increments,1
tableware,1
heeds,1
play,1
ba0032,1
clock,1
365,1
sterling,1
ba297,1
aim,1
gains,1
2100,1
dog,1
else,1
inefficient,1
purified,1
pathetically,1
rock,1
carrots,1
leaf,1
dressing,1
refloat,1
shipwreck,1
creamer,1
go,1
amslhr,1
cubes,1
spinach,1
grunt,1
1705,1
lcyams,1
cupboards,1
uncontrollably,1
react,1
wafer,1
1405,1
lhrams,1
sprouts,1
cubed,1
minus,1
reminded,1
drinkssnacks,1
affront,1
sounds,1
hostel,1
grotty,1
fire,1
5hrs,1
ba0958,1
acknowledging,1
anger,1
explode,1
incomprehensible,1
135km,1
allsaying,1
flier,1
tacky,1
robot,1
stained,1
autobooked,1
autobook,1
punter,1
script,1
outsource,1
combine,1
paddington,1
unfolding,1
party,1
spacers,1
presents,1
silicone,1
sealer,1
childs,1
sticker,1
circling,1
skirts,1
lgwdbv,1
utilise,1
wizzair,1
enclosed,1
pen,1
distances,1
manners,1
telephoned,1
fiddly,1
316,1
screenshot,1
315,1
grooming,1
trouser,1
enjoyment,1
220,1
sleeves,1
jackets,1
waistcoat,1
cardigans,1
summing,1
311,1
antiquated,1
disfunctional,1
unapologetic,1
tobechecked,1
attractive,1
1214,1
height,1
awkwardness,1
panned,1
inspired,1
dull,1
shivering,1
uncanceled,1
slimline,1
extract,1
yvr,1
tiniest,1
approachable,1
unclear,1
dash,1
handluggage,1
roped,1
crowding,1
dbvlgw,1
urged,1
unclassy,1
shopbacom,1
uniforms,1
illfitting,1
messy,1
carpeting,1
finishes,1
clubs,1
nutrigain,1
haphazardly,1
mineral,1
winged,1
emptiness,1
chairstroller,1
characteristically,1
occupying,1
favour,1
caesars,1
modified,1
lotions,1
refills,1
determined,1
role,1
responsibilities,1
ba245,1
spontaneous,1
aperitive,1
decently,1
12j,1
persuaded,1
flasks,1
occupy,1
11d,1
punctually,1
group,1
spasms,1
flannels,1
smelled,1
musty,1
ragged,1
squashed,1
aloud,1
situations,1
4,1
flown,1
nostalgia,1
helicopter,1
lgwlhr,1
46kg,1
joined,1
disgust,1
rolled,1
224,1
tone,1
6223,1
impaired,1
visually,1
pmilgw,1
21012023,1
29012023,1
wizz,1
inconvenient,1
€18,1
€126,1
declare,1
pmi,1
relates,1
choice,1
smiled,1
bar,1
nutrigrain,1
available,1
€10,1
sells,1
propeller,1
devoid,1
instant,1
£19732,1
born,1
begun,1
secondly,1
detest,1
wont,1
behalf,1
acknowledge,1
excuse,1
skybridge,1
metre,1
controllers,1
browsers,1
bot,1
donated,1
completing,1
granules,1
kuwaiti,1
17th,1
£127943,1
elbow,1
enquiry,1
interacted,1
empathysympathyunderstanding,1
sanitising,1
daughters,1
encouraged,1
dumping,1
£900,1
£39464,1
pamper,1
standard,1
gulf,1
exciting,1
dentist,1
rollspastries,1
decorated,1
fizz,1
ba244,1
drinksnack,1
kinder,1
moviescds,1
jfklhr,1
inconveniences,1
outlined,1
lhrist,1
inferior,1
happily,1
28123,1
ryanair,1
complains,1
hitting,1
slots,1
johannesburg,1
754,1
cold,1
reseated,1
arbitrarily,1
blends,1
225pp,1
’,1
vips,1
shipped,1
nutribar,1
nonsmoker,1
trial,1
clown,1
retraction,1
familiar,1
expedite,1
posting,1
discussion,1
credited,1
2way,1
street,1
tap,1
compromise,1
unfinished,1
weed,1
minutes,1
scrounge,1
smelling,1
motel,1
straighten,1
slipping,1
closes,1
1015pm,1
offered,1
mar23,1
opting,1
shoutout,1
jo,1
teams,1
circus,1
rapidly,1
pop,1
daniel,1
pushmepullyou,1
reorganise,1
logistics,1
fittings,1
fas,1
horribly,1
den,1
sind,1
froth,1
overflows,1
3day,1
risky,1
emma,1
happened,1
algeria,1
£360,1
fraction,1
interrupted,1
don´t,1
bothers,1
consisting,1
canapeslike,1
£80,1
£450,1
£316,1
catastrophe,1
outraged,1
reader,1
avios,1
love,1
steady,1
values,1
10hr,1
£1799,1
lading,1
oozing,1
materials,1
raining,1
journey,1
irish,1
recruiting,1
damn,1
worker,1
obstructed,1
touting,1
invested,1
montreal,1
retrieving,1
curt,1
reimbursements,1
unbelievably,1
matter,1
versus,1
disgusted,1
authority,1
yelled,1
05,1
nickle,1
ord,1
outrageous,1
bwi,1
630pm,1
fortalaza,1
matching,1
jetbridge,1
andthey,1
clumsy,1
concepts,1
5h35m,1
doubleservings,1
teas,1
barcart,1
recovered,1
secundary,1
smoke,1
humor,1
renowned,1
impecable,1
scan,1
obvioulsy,1
depths,1
retag,1
unobstructed,1
adjecant,1
giant,1
cater,1
admirals,1
sinks,1
taped,1
sanitiser,1
dispatches,1
wochen,1
switching,1
immer,1
maldives,1
anschlussflüge,1
jostling,1
bankrolling,1
ihre,1
detained,1
interrogated,1
prawn,1
cocktail,1
dass,1
lottery,1
wellington,1
lettuce,1
kabinen,1
ribs,1
rail,1
die,1
£20000,1
blinded,1
starving,1
meinte,1
laurels,1
idiots,1
verpspäteten,1
spared,1
roads,1
beim,1
sins,1
da…,1
cocktails,1
selben,1
flugzeug,1
können,1
score,1
410,1
weirdly,1
board,1
sip,1
ml,1
intercontinental,1
fridge,1
majorly,1
secondary,1
napkins,1
simultaneously,1
scalp,1
worrying,1
breathing,1
neighbors,1
van,1
7001000,1
exuded,1
discount,1
resolutions,1
misinformed,1
receives,1
misinformation,1
travelling,1
machen,1
nichts,1
es,1
nachgesehen,1
£7000,1
nun,1
biscuit,1
ist,1
11hour,1
accessible,1
zuletzt,1
glassescups,1
werden,1
anschlussflug,1
sodass,1
afternoon,1
eine,1
schon,1
festive,1
verspätet,1
selbst,1
240,1
excelled,1
presentable,1
contains,1
jeder,1
wither,1
geflogen,1
player,1
zusammenschluss,1
behaviours,1
dem,1
want,1
britisch,1
bel,1
tagen,1
toast,1
angekommen,1
glück,1
pleasurable,1
zum,1
regrettably,1
carnage,1
100s,1
manned,1
til,1
£6,1
erhalten,1
xmas,1
gifts,1
extensive,1
über,1
whereupon,1
surged,1
numbered,1
keine,1
noch,1
heute,1
bis,1
umplanen…,1
rundreise,1
commence,1
cannelloni,1
mussten,1
uncooked,1
ui,1
check,1
admirable,1
resort,1
tacked,1
tui,1
electronically,1
adult,1
advanced,1
snooty,1
worst,1
drops,1
latin,1
spanish,1
sickening,1
paupers,1
airfield,1
riu,1
suppliers,1
paradise,1
beach,1
riddled,1
drugs,1
safari,1
zimbabwe,1
tunnel,1
mismanaged,1
unavailability,1
745,1
140,1
hectic,1
mums,1
prebook,1
cottage,1
faire,1
160,1
230pm,1
505pm,1
245,1
inexperienced,1
passenger,1
camembert,1
511,1
affair,1
filter,1
finest,1
ravioli,1
ba621,1
slowing,1
meter,1
rigatoni,1
july,1
steel,1
expansive,1
tumblers,1
ba777,1
jetty,1
773,1
moderately,1
skimping,1
uncomfortable,1
parts,1
seatssuite,1
temerity,1
dad,1
century,1
anyways,1
personell,1
prehistoric,1
physically,1
manually,1
premise,1
precautions,1
1980,1
disintegrated,1
purposes,1
dying,1
accumulated,1
40k,1
supported,1
itineraries,1
shift,1
raising,1
fifty,1
£2500,1
expire,1
routinely,1
reluctance,1
shareholder,1
disrespect,1
managing,1
bands,1
reckon,1
satisfaction,1
zilch,1
rebuilding,1
backed,1
quick,1
value,1
europebusiness,1
luck,1
useless,1
worries,1
inquire,1
£5k,1
monopoly,1
permanent,1
depending,1
goncalo,1
ribeiro,1
rescue,1
identify,1
deposit,1
uploading,1
plf,1
verifying,1
sincere,1
excellence,1
cruz,1
gifted,1
beautiful,1
a10,1
jetway,1
168,1
ggatl,1
9f,1
broken,1
prevails,1
laissez,1
840am,1
kirkwall,1
wellpresented,1
simpler,1
tastier,1
today,1
cdglhr,1
chic,1
duck,1
terrine,1
caesar,1
stepped,1
negated,1
£600,1
incl,1
smoothest,1
adaptive,1
bluetooth,1
input,1
missed,1
smartly,1
dressed,1
unstressed,1
1730pm,1
tastes,1
stewart,1
tim,1
hkg,1
prearrival,1
sushi,1
aftertaste,1
phenomenal,1
disciplined,1
organises,1
densely,1
imperative,1
blessing,1
fussy,1
gib,1
dragged,1
enthusiasm,1
1189,1
methods,1
22916,1
589,1
1040,1
midmorning,1
civilized,1
overselling,1
processes,1
fitted,1
irritant,1
twice,1
humus,1
beetroot,1
quinoa,1
legally,1
breeze,1
adjusted,1
knock,1
2223c,1
reserves,1
rearfront,1
mulled,1
6d,1
0120,1
tech,1
increases,1
escorts,1
differ,1
losses,1
glitchy,1
supervision,1
cvc,1
cycle,1
controller,1
touchscreen,1
turin,1
costly,1
2245,1
demand,1
mvp,1
100000,1
miler,1
linked,1
accomplishing,1
britishness,1
soulless,1
2449,1
packing,1
facial,1
15cms,1
underline,1
olive,1
biggie,1
relocate,1
reassigned,1
cancel,1
bahrain,1
fulfil,1
incapacity,1
inability,1
lethargic,1
slot,1
cabinet,1
rewarded,1
40minute,1
times,1
18122021,1
1215,1
preboarding,1
delaying,1
mornings,1
males,1
tuck,1
insists,1
unpleasant,1
fundamentals,1
disturbing,1
shine,1
mainline,1
subsidiary,1
reject,1
bud,1
63,1
ridiculed,1
freshener,1
torment,1
commute,1
misleading,1
disrupting,1
preceding,1
hollow,1
epilogue,1
cavalier,1
ruining,1
inconsiderable,1
slick,1
spectacular,1
78,1
ungodly,1
escalation,1
mysteriously,1
admiration,1
11h,1
5d,1
together,1
sneaky,1
preselection,1
dare,1
universally,1
derided,1
6across,1
backtofront,1
bombay,1
ankle,1
narrowest,1
unsportingly,1
amended,1
warmed,1
tablet,1
smiley,1
£1199,1
claps,1
lands,1
early,1
ignore,1
domodedovo,1
racing,1
5and,1
downstairs,1
kids,1
piled,1
confronted,1
systemic,1
exemption,1
event,1
download,1
nce,1
roof,1
narrower,1
sane,1
appointment,1
flashed,1
not…,1
interlude,1
imaginable,1
pidgin,1
suspicion,1
raid,1
palm,1
miserly,1
halfhour,1
reminders,1
hanh,1
start,1
seperate,1
backside,1
minimizing,1
possiblity,1
jamming,1
distribute,1
handsanitizer,1
robust,1
armed,1
sanitizer,1
everybody,1
£5727,1
95,1
tariffs,1
extortion,1
inconvenienced,1
dismay,1
onetravel,1
applying,1
stammers,1
restrictions,1
madeline,1
thomas,1
nurse,1
pain,1
112km,1
buffets,1
replenished,1
wastage,1
notorious,1
fuel,1
bclass,1
636,1
miles,1
aktion,1
admittedly,1
scrutinised,1
lateral,1
prepackaging,1
collecting,1
landing,1
kahina,1
ladjouze,1
closures,1
sixteen,1
grounded,1
b777200,1
extends,1
sun,1
intraeurope,1
frenetic,1
escape,1
boris,1
johnson,1
bully,1
boy,1
weighing,1
takeoff,1
abdication,1
performing,1
prepare,1
pictures,1
apple,1
546,1
amazing,1
294,1
govuk,1
prosecution,1
rebuked,1
crisp,1
ulster,1
registered,1
brunt,1
inconsistent,1
sachets,1
shred,1
volcano,1
ash,1
impacting,1
refuel,1
gran,1
canaria,1
750,1
err,1
breakfast,1
lackadaisical,1
saywhaa,1
yesasked,1
unorganised,1
ludicrous,1
remembers,1
emailsmessages,1
inward,1
amir,1
b45,1
loght,1
indicate,1
soap,1
fund,1
snobby,1
principle,1
misselling,1
retirees,1
cayman,1
followup,1
difficulties,1
arguments,1
contradicting,1
idiots,1
taxing,1
lockers,1
michigan,1
297,1
553,1
splodge,1
yore,1
bows,1
masse,1
inaccurate,1
wellbeing,1
wrongs,1
nonlowcost,1
ukgov,1
thirdparty,1
gutwrenching,1
scare,1
significance,1
becuase,1
misbooked,1
greek,1
theyll,1
speechless,1
stupidity,1
brandnew,1
up—but,1
commitment,1
basement,1
opportunities,1
rapid,1
outrage,1
agonizing,1
dairy,1
samsonite,1
sans,1
predepature,1
altercation,1
catania,1
2hour,1
blinds,1
draining,1
s7,1
voicemail,1
callback,1
drones,1
usless,1
bawhat,1
chockablock,1
bustling,1
superficially,1
hairs,1
expanded,1
sequed,1
restricted,1
intermittent,1
excessive,1
lca,1
10min,1
essence,1
breakfastbrunch,1
lisbonmadridlondon,1
strolled,1
ineffective,1
modest,1
são,1
paulo,1
lhrgru,1
461,1
mishandling,1
shun,1
clearer,1
commonsense,1
toandfrom,1
2k,1
cabin,1
antipasto,1
caveats,1
emptied,1
akin,1
jetstar,1
flagship,1
255,1
nooks,1
crannies,1
storing,1
cuzco,1
bond,1
letdown,1
diming,1
spoils,1
frazzled,1
shades,1
lifting,1
links,1
compile,1
hoped,1
compounds,1
cairolondon,1
pressed,1
considers,1
greasy,1
pool,1
vinegary,1
chutney,1
individualised,1
threw,1
13hr,1
suffice,1
budgets,1
absence,1
contradictory,1
confirming,1
ba0254,1
ambulance,1
13e,1
overnighter,1
nonmask,1
tailwind,1
”,1
fixing,1
hesitatingly,1
10x,1
crashed,1
shock,1
appease,1
£100s,1
pursuing,1
going,1
problem,1
3x,1
624,1
mislabelled,1
25hrs,1
50mins,1
examples,1
violated,1
110,1
mild,1
partially,1
mug,1
worthy,1
suspicions,1
galling,1
turbulent,1
atrociously,1
slow,1
0600,1
suitable,1
nhs,1
blonde,1
shepherding,1
likewise,1
hurriedly,1
nearinedible,1
backrest,1
everytime,1
mission,1
affordability,1
auslhr,1
450gbp,1
utmost,1
rotten,1
70s,1
central,1
41,1
ba059,1
shortchanging,1
traditional,1
picked,1
nut,1
spurious,1
dishes,1
discover,1
suitably,1
calla,1
case,1
kef,1
oreos,1
glasgow,1
sean,1
doyle,1
10am,1
strangely,1
intolerable,1
beaboac,1
niggle,1
227,1
excursions,1
inline,1
passiveaggressive,1
spaced,1
owing,1
16yrsold,1
packedlikesardines,1
bursting,1
seams,1
functionary,1
cynical,1
timesaving,1
stay,1
noshows,1
firm,1
review,1
ingrained,1
£85,1
discrepancy,1
26kg,1
overweight,1
antithesis,1
24kg,1
underwear,1
handicap,1
scathing,1
earliest,1
uselessness,1
compound,1
sift,1
ethics,1
5hours,1
brit,1
closure,1
tme,1
motorway,1
aka,1
£1k,1
wrapping,1
organized,1
rolls,1
basket,1
hygiene,1
endure,1
scenario,1
horrific,1
leftovers,1
certain,1
complications,1
arrived,1
cordial,1
duplicated,1
realize,1
accident,1
trust,1
116,1
garbage,1
ta,1
escalators,1
jumping,1
travelers,1
unread,1
financial,1
510,1
decides,1
replete,1
sea,1
mattered,1
deaf,1
historically,1
plight,1
retired,1
swindle,1
holders,1
principle,1
lieu,1
replayed,1
std,1
2d,1
strap,1
covered,1
bases,1
sadness,1
disinterested,1
gobsmacked,1
insurance,1
transpired,1
pensioned,1
squeezes,1
noshowed,1
gained,1
judging,1
supper,1
reconnecting,1
atd,1
accommodated,1
reviewed,1
guaranteed,1
faa,1
misfortune,1
boys,1
vouchers,1
bashing,1
canned,1
4060,1
ba8703,1
amiable,1
barriers,1
bodrum,1
matters,1
exp,1
twoforone,1
tom,1
tweaks,1
towed,1
hanger,1
kulula,1
2h15min,1
loosing,1
travels,1
bettered,1
quibble,1
16th,1
ba0262,1
avia,1
1314pm,1
emphasis,1
freeflowing,1
vital,1
walls,1
expanding,1
outwards,1
shows,1
cheeseandpastrami,1
entrees,1
wholesome,1
reintroduced,1
blaming,1
failings,1
billions,1
sketch,1
laughable,1
1610,1
chasing,1
2025,1
inconsistency,1
label,1
studying,1
1330,1
1410,1
informational,1
radar,1
elizabeth,1
1400,1
1430,1
weigh,1
1540,1
letters,1
successfully,1
ditching,1
flysafair,1
budge,1
detroit,1
arduous,1
layovers,1
dissuaded,1
misconception,1
chatted,1
insolence,1
insecurity,1
6hour,1
avoidable,1
sheer,1
brim,1
fierce,1
nighttime,1
invite,1
smartphone,1
improves,1
viewing,1
ridge,1
spine,1
waking,1
touchdown,1
tractors,1
unspecified,1
sceens,1
easily,1
laurels,1
battle,1
keeps,1
unmarked,1
rooms,1
waive,1
lowball,1
infrequently,1
deceived,1
misled,1
voluntarily,1
explicitly,1
unused,1
pretence,1
typo,1
trump,1
gigantic,1
freed,1
instruct,1
frittata,1
selfserve,1
instruction,1
hovering,1
croissants,1
rub,1
salt,1
wound,1
cubicles,1
artisan,1
swap,1
puddings,1
crumble,1
lindor,1
frenzy,1
scrambling,1
naive,1
standards,1
pittance,1
bagdrop,1
£125,1
660,1
plead,1
truck,1
handlers,1
containers,1
phrase,1
hogmanay,1
muffins,1
cakes,1
carpeted,1
lugging,1
corporations,1
hardearned,1
54,1
inv,1
witnessed,1
prepurchased,1
standstill,1
apologizes,1
jumped,1
raw,1
weekends,1
cell,1
wipe,1
wiping,1
surrounding,1
behave,1
swearing,1
pulling,1
weight,1
clinging,1
sub,1
accusatory,1
argumentative,1
uncommunicative,1
arctic,1
temp,1
glory,1
dusted,1
occupancy,1
mojo,1
nonstatus,1
purport,1
topclass,1
reluctant,1
ruination,1
lhrmle,1
£520,1
7hrs,1
15hrs,1
involving,1
crashing,1
fooddrink,1
gets,1
vegetarians,1
hamcheese,1
baggage,1
txt,1
last,1
heavens,1
underpopulated,1
threequarters,1
38,1
ba4243,1
highway,1
belief,1
conformed,1
cautious,1
smacks,1
costcutting,1
fivehour,1
reconcile,1
cancellingrearranging,1
oxymoron,1
student,1
whichever,1
manger,1
£3214,1
canapé,1
polenta,1
£265,1
£26507,1
incapable,1
shutting,1
savvy,1
46,1
surveys,1
crises,1
incurs,1
pride,1
mediocrity,1
aug,1
oozed,1
bologna,1
530am,1
audiovisual,1
miracle,1
sprung,1
midday,1
supposedly,1
juices,1
etc,1
prompted,1
hearing,1
novemberdecember,1
euroflyer,1
ideally,1
dehydrated,1
unavailable,1
untasty,1
96,1
disengaged,1
model,1
classified,1
providers,1
backs,1
inclusive,1
afford,1
carts,1
illusion,1
strength,1
quo,1
ante,1
hertfordshire,1
pork,1
rebookings,1
courteously,1
amid,1
royal,1
maroc,1
contract,1
eurostar,1
newish,1
excellent,1
growing,1
tempted,1
raft,1
unsophisticated,1
luxury,1
consists,1
mugs,1
politeness,1
gestures,1
coat,1
fingernails,1
manky,1
dreadful,1
focussed,1
rests,1
fr,1
scrapped,1
publicly,1
ba454,1
compliant,1
bidding,1
farewell,1
rules,1
dispensable,1
commodity,1
episode,1
unmitigated,1
eunice,1
underway,1
allowances,1
cookies,1
